id,target
0,no
1,no
2,no
3,no
4,yes
5,no
6,no
7,no
8,no
9,no
10,no
11,no
12,no
13,yes
14,no
15,no
16,no
17,no
18,no
19,no
20,no
21,no
22,no
23,no
24,yes
25,no
26,no
27,no
28,no
29,no
30,yes
31,no
32,yes
33,no
34,no
35,no
36,no
37,no
38,no
39,no
40,yes
41,no
42,no
43,no
44,yes
45,no
46,no
47,no
48,no
49,no
50,no
51,no
52,no
53,yes
54,no
55,yes
56,no
57,yes
58,no
59,no
60,no
61,no
62,yes
63,yes
64,yes
65,yes
66,no
67,yes
68,no
69,no
70,no
71,no
72,yes
73,no
74,yes
75,no
76,yes
77,no
78,no
79,yes
80,no
81,no
82,yes
83,no
84,no
85,yes
86,yes
87,no
88,no
89,no
90,no
91,no
92,yes
93,yes
94,no
95,no
96,no
97,yes
98,yes
99,no
100,no
101,no
102,yes
103,no
104,no
105,yes
106,no
107,no
108,no
109,no
110,no
111,no
112,yes
113,no
114,no
115,no
116,no
117,no
118,yes
119,no
120,yes
121,yes
122,yes
123,yes
124,no
125,yes
126,no
127,no
128,no
129,no
130,no
131,yes
132,no
133,no
134,yes
135,no
136,no
137,no
138,no
139,no
140,yes
141,no
142,no
143,no
144,yes
145,no
146,no
147,no
148,yes
149,no
150,yes
151,no
152,no
153,no
154,no
155,no
156,no
157,no
158,yes
159,yes
160,yes
161,no
162,no
163,no
164,no
165,no
166,no
167,yes
168,no
169,no
170,no
171,no
172,yes
173,yes
174,no
175,no
176,no
177,yes
178,yes
179,no
180,no
181,yes
182,no
183,no
184,yes
185,no
186,yes
187,yes
188,no
189,no
190,no
191,yes
192,no
193,yes
194,no
195,no
196,yes
197,no
198,no
199,yes
200,no
201,no
202,no
203,yes
204,yes
205,yes
206,no
207,yes
208,yes
209,no
210,no
211,no
212,yes
213,no
214,no
215,no
216,no
217,no
218,yes
219,no
220,no
221,no
222,no
223,yes
224,no
225,no
226,yes
227,no
228,no
229,yes
230,yes
231,no
232,yes
233,no
234,no
235,no
236,no
237,no
238,no
239,no
240,yes
241,no
242,no
243,no
244,no
245,no
246,yes
247,yes
248,no
249,no
250,yes
251,yes
252,no
253,no
254,no
255,no
256,no
257,no
258,no
259,yes
260,no
261,no
262,no
263,no
264,no
265,yes
266,no
267,no
268,no
269,no
270,no
271,no
272,no
273,no
274,no
275,yes
276,yes
277,no
278,no
279,no
280,no
281,no
282,no
283,no
284,yes
285,no
286,no
287,no
288,no
289,no
290,no
291,no
292,no
293,no
294,no
295,no
296,yes
297,no
298,no
299,no
300,no
301,yes
302,no
303,no
304,no
305,no
306,no
307,yes
308,no
309,no
310,no
311,no
312,yes
313,yes
314,yes
315,no
316,no
317,yes
318,no
319,no
320,yes
321,no
322,yes
323,no
324,no
325,yes
326,yes
327,yes
328,no
329,no
330,no
331,no
332,no
333,yes
334,no
335,no
336,no
337,yes
338,no
339,yes
340,no
341,no
342,no
343,no
344,yes
345,yes
346,no
347,no
348,no
349,no
350,no
351,no
352,yes
353,no
354,no
355,yes
356,yes
357,no
358,yes
359,yes
360,no
361,no
362,no
363,no
364,no
365,no
366,yes
367,no
368,no
369,yes
370,yes
371,yes
372,no
373,no
374,no
375,no
376,no
377,no
378,no
379,no
380,yes
381,no
382,no
383,no
384,no
385,no
386,no
387,yes
388,yes
389,no
390,no
391,no
392,yes
393,no
394,yes
395,no
396,yes
397,no
398,no
399,no
400,no
401,no
402,no
403,no
404,yes
405,no
406,no
407,no
408,no
409,no
410,yes
411,yes
412,no
413,no
414,no
415,yes
416,no
417,no
418,yes
419,no
420,no
421,yes
422,yes
423,no
424,no
425,no
426,no
427,no
428,no
429,no
430,no
431,yes
432,no
433,yes
434,no
435,no
436,no
437,yes
438,no
439,no
440,no
441,no
442,no
443,no
444,no
445,no
446,no
447,no
448,no
449,yes
450,no
451,yes
452,yes
453,yes
454,yes
455,no
456,yes
457,no
458,yes
459,yes
460,no
461,no
462,no
463,yes
464,no
465,yes
466,yes
467,yes
468,no
469,no
470,no
471,no
472,yes
473,no
474,yes
475,yes
476,no
477,no
478,no
479,no
480,no
481,no
482,yes
483,yes
484,no
485,yes
486,no
487,yes
488,no
489,no
490,no
491,no
492,no
493,no
494,no
495,no
496,yes
497,no
498,no
499,no
500,no
501,yes
502,no
503,no
504,no
505,no
506,no
507,no
508,no
509,no
510,no
511,no
512,no
513,yes
514,no
515,yes
516,no
517,no
518,no
519,no
520,yes
521,no
522,yes
523,no
524,no
525,no
526,no
527,no
528,no
529,no
530,no
531,yes
532,no
533,no
534,yes
535,no
536,no
537,no
538,yes
539,no
540,yes
541,no
542,no
543,no
544,yes
545,no
546,no
547,no
548,yes
549,yes
550,no
551,no
552,yes
553,yes
554,yes
555,no
556,no
557,no
558,yes
559,yes
560,no
561,yes
562,no
563,no
564,no
565,yes
566,no
567,no
568,yes
569,no
570,no
571,no
572,yes
573,no
574,no
575,no
576,no
577,no
578,no
579,no
580,no
581,yes
582,no
583,no
584,no
585,no
586,no
587,yes
588,no
589,yes
590,no
591,yes
592,no
593,yes
594,no
595,no
596,no
597,no
598,no
599,yes
600,no
601,no
602,no
603,yes
604,no
605,no
606,no
607,no
608,no
609,no
610,no
611,no
612,yes
613,no
614,no
615,yes
616,yes
617,yes
618,yes
619,no
620,no
621,no
622,no
623,no
624,no
625,yes
626,no
627,no
628,no
629,yes
630,no
631,yes
632,no
633,no
634,no
635,no
636,no
637,no
638,yes
639,no
640,no
641,yes
642,yes
643,no
644,no
645,no
646,yes
647,yes
648,no
649,no
650,yes
651,yes
652,yes
653,no
654,no
655,no
656,yes
657,no
658,no
659,no
660,yes
661,no
662,yes
663,no
664,yes
665,no
666,no
667,no
668,no
669,no
670,yes
671,no
672,no
673,yes
674,yes
675,no
676,no
677,yes
678,yes
679,yes
680,yes
681,no
682,yes
683,no
684,yes
685,yes
686,no
687,yes
688,no
689,no
690,yes
691,no
692,no
693,no
694,no
695,no
696,no
697,no
698,no
699,no
700,no
701,no
702,yes
703,yes
704,no
705,no
706,yes
707,no
708,no
709,no
710,no
711,no
712,no
713,yes
714,no
715,yes
716,yes
717,yes
718,no
719,no
720,no
721,no
722,no
723,no
724,no
725,no
726,yes
727,yes
728,no
729,no
730,no
731,yes
732,no
733,no
734,no
735,no
736,no
737,no
738,no
739,yes
740,no
741,no
742,no
743,yes
744,no
745,yes
746,no
747,no
748,no
749,yes
750,no
751,yes
752,no
753,yes
754,no
755,no
756,no
757,no
758,no
759,no
760,no
761,no
762,yes
763,no
764,no
765,no
766,no
767,yes
768,yes
769,no
770,yes
771,yes
772,no
773,no
774,no
775,no
776,no
777,no
778,no
779,no
780,no
781,yes
782,no
783,no
784,yes
785,no
786,no
787,no
788,no
789,no
790,yes
791,yes
792,yes
793,no
794,no
795,no
796,no
797,no
798,no
799,no
800,yes
801,yes
802,no
803,no
804,yes
805,no
806,no
807,no
808,yes
809,no
810,no
811,no
812,yes
813,no
814,no
815,no
816,no
817,no
818,yes
819,no
820,no
821,no
822,yes
823,yes
824,no
825,no
826,yes
827,yes
828,yes
829,no
830,no
831,yes
832,no
833,no
834,no
835,no
836,yes
837,yes
838,no
839,no
840,no
841,no
842,yes
843,yes
844,no
845,no
846,no
847,no
848,yes
849,no
850,yes
851,no
852,no
853,no
854,no
855,no
856,no
857,yes
858,no
859,no
860,no
861,yes
862,no
863,no
864,yes
865,yes
866,yes
867,yes
868,no
869,no
870,no
871,no
872,no
873,no
874,yes
875,yes
876,yes
877,no
878,no
879,yes
880,no
881,yes
882,no
883,no
884,no
885,no
886,yes
887,no
888,no
889,no
890,no
891,no
892,no
893,no
894,no
895,no
896,no
897,yes
898,no
899,no
900,no
901,no
902,no
903,no
904,no
905,no
906,no
907,yes
908,yes
909,no
910,no
911,no
912,yes
913,no
914,no
915,no
916,no
917,no
918,yes
919,no
920,yes
921,no
922,no
923,yes
924,no
925,no
926,no
927,no
928,yes
929,no
930,no
931,yes
932,no
933,no
934,yes
935,no
936,no
937,no
938,yes
939,no
940,no
941,no
942,yes
943,no
944,no
945,yes
946,yes
947,no
948,no
949,no
950,no
951,yes
952,yes
953,yes
954,no
955,no
956,yes
957,no
958,no
959,no
960,no
961,yes
962,no
963,no
964,no
965,no
966,no
967,no
968,no
969,no
970,no
971,no
972,yes
973,yes
974,yes
975,no
976,yes
977,yes
978,no
979,no
980,no
981,yes
982,yes
983,no
984,no
985,no
986,yes
987,no
988,no
989,no
990,no
991,no
992,no
993,no
994,no
995,yes
996,yes
997,no
998,no
999,no
1000,no
1001,no
1002,no
1003,no
1004,no
1005,yes
1006,yes
1007,no
1008,yes
1009,yes
1010,no
1011,no
1012,no
1013,no
1014,no
1015,yes
1016,no
1017,no
1018,no
1019,yes
1020,no
1021,no
1022,yes
1023,no
1024,yes
1025,yes
1026,yes
1027,no
1028,no
1029,no
1030,no
1031,no
1032,yes
1033,yes
1034,no
1035,no
1036,no
1037,no
1038,no
1039,no
1040,yes
1041,no
1042,no
1043,no
1044,no
1045,yes
1046,yes
1047,no
1048,no
1049,no
1050,yes
1051,no
1052,yes
1053,no
1054,no
1055,no
1056,no
1057,yes
1058,no
1059,no
1060,yes
1061,no
1062,no
1063,yes
1064,no
1065,yes
1066,yes
1067,no
1068,yes
1069,yes
1070,yes
1071,yes
1072,no
1073,no
1074,yes
1075,no
1076,no
1077,no
1078,no
1079,yes
1080,no
1081,no
1082,no
1083,no
1084,no
1085,no
1086,no
1087,no
1088,no
1089,no
1090,no
1091,yes
1092,yes
1093,no
1094,no
1095,no
1096,no
1097,no
1098,no
1099,no
1100,no
1101,no
1102,no
1103,no
1104,no
1105,no
1106,no
1107,no
1108,no
1109,yes
1110,no
1111,no
1112,no
1113,no
1114,yes
1115,yes
1116,no
1117,no
1118,no
1119,yes
1120,no
1121,yes
1122,no
1123,no
1124,no
1125,no
1126,no
1127,yes
1128,no
1129,yes
1130,no
1131,no
1132,yes
1133,no
1134,no
1135,yes
1136,yes
1137,yes
1138,yes
1139,no
1140,no
1141,no
1142,no
1143,yes
1144,yes
1145,no
1146,yes
1147,no
1148,yes
1149,yes
1150,no
1151,no
1152,no
1153,yes
1154,no
1155,no
1156,no
1157,no
1158,no
1159,no
1160,no
1161,no
1162,no
1163,no
1164,no
1165,no
1166,no
1167,no
1168,no
1169,yes
1170,no
1171,no
1172,no
1173,no
1174,no
1175,no
1176,no
1177,no
1178,no
1179,yes
1180,no
1181,no
1182,yes
1183,no
1184,no
1185,no
1186,no
1187,no
1188,yes
1189,no
1190,yes
1191,no
1192,no
1193,no
1194,yes
1195,no
1196,no
1197,no
1198,no
1199,yes
1200,no
1201,yes
1202,no
1203,no
1204,no
1205,no
1206,yes
1207,no
1208,no
1209,no
1210,no
1211,no
1212,no
1213,yes
1214,yes
1215,yes
1216,yes
1217,no
1218,no
1219,no
1220,no
1221,no
1222,no
1223,yes
1224,no
1225,yes
1226,no
1227,no
1228,no
1229,no
1230,yes
1231,yes
1232,no
1233,no
1234,no
1235,yes
1236,yes
1237,no
1238,no
1239,yes
1240,yes
1241,no
1242,no
1243,no
1244,no
1245,no
1246,no
1247,yes
1248,no
1249,yes
1250,no
1251,no
1252,no
1253,no
1254,no
1255,yes
1256,no
1257,no
1258,no
1259,no
1260,no
1261,yes
1262,no
1263,yes
1264,no
1265,no
1266,no
1267,no
1268,yes
1269,yes
1270,no
1271,no
1272,no
1273,no
1274,no
1275,no
1276,no
1277,no
1278,no
1279,no
1280,no
1281,yes
1282,no
1283,no
1284,no
1285,yes
1286,no
1287,no
1288,no
1289,no
1290,yes
1291,no
1292,no
1293,no
1294,no
1295,no
1296,no
1297,yes
1298,yes
1299,no
1300,no
1301,no
1302,no
1303,no
1304,no
1305,no
1306,no
1307,yes
1308,no
1309,no
1310,no
1311,no
1312,no
1313,no
1314,no
1315,no
1316,yes
1317,no
1318,no
1319,no
1320,no
1321,no
1322,no
1323,no
1324,yes
1325,no
1326,no
1327,no
1328,no
1329,no
1330,no
1331,no
1332,no
1333,no
1334,no
1335,no
1336,no
1337,no
1338,no
1339,yes
1340,no
1341,no
1342,no
1343,no
1344,no
1345,yes
1346,no
1347,no
1348,yes
1349,no
1350,yes
1351,no
1352,no
1353,no
1354,no
1355,no
1356,yes
1357,no
1358,no
1359,yes
1360,no
1361,yes
1362,no
1363,yes
1364,no
1365,no
1366,no
1367,no
1368,no
1369,yes
1370,no
1371,no
1372,no
1373,no
1374,no
1375,yes
1376,no
1377,no
1378,yes
1379,no
1380,no
1381,no
1382,no
1383,no
1384,no
1385,no
1386,yes
1387,yes
1388,no
1389,no
1390,no
1391,no
1392,no
1393,no
1394,no
1395,no
1396,no
1397,no
1398,no
1399,no
1400,no
1401,no
1402,no
1403,no
1404,no
1405,no
1406,no
1407,no
1408,no
1409,no
1410,no
1411,no
1412,no
1413,no
1414,yes
1415,no
1416,no
1417,yes
1418,no
1419,no
1420,yes
1421,no
1422,no
1423,no
1424,no
1425,no
1426,yes
1427,no
1428,yes
1429,no
1430,yes
1431,yes
1432,no
1433,no
1434,no
1435,no
1436,no
1437,no
1438,no
1439,no
1440,no
1441,no
1442,yes
1443,yes
1444,no
1445,no
1446,no
1447,no
1448,no
1449,no
1450,no
1451,no
1452,no
1453,no
1454,no
1455,no
1456,yes
1457,no
1458,no
1459,no
1460,no
1461,yes
1462,yes
1463,no
1464,no
1465,no
1466,no
1467,yes
1468,yes
1469,no
1470,yes
1471,no
1472,no
1473,no
1474,no
1475,no
1476,no
1477,no
1478,yes
1479,no
1480,no
1481,no
1482,yes
1483,yes
1484,no
1485,yes
1486,no
1487,no
1488,no
1489,no
1490,yes
1491,no
1492,yes
1493,yes
1494,no
1495,no
1496,no
1497,no
1498,no
1499,no
1500,no
1501,no
1502,yes
1503,no
1504,no
1505,yes
1506,yes
1507,no
1508,no
1509,no
1510,yes
1511,no
1512,no
1513,yes
1514,no
1515,no
1516,no
1517,no
1518,no
1519,no
1520,no
1521,no
1522,no
1523,no
1524,no
1525,yes
1526,no
1527,no
1528,no
1529,no
1530,no
1531,no
1532,no
1533,no
1534,no
1535,no
1536,yes
1537,yes
1538,yes
1539,no
1540,no
1541,no
1542,no
1543,no
1544,no
1545,yes
1546,yes
1547,no
1548,yes
1549,no
1550,yes
1551,yes
1552,no
1553,yes
1554,no
1555,no
1556,no
1557,yes
1558,no
1559,no
1560,yes
1561,no
1562,yes
1563,no
1564,no
1565,no
1566,no
1567,no
1568,no
1569,no
1570,no
1571,no
1572,no
1573,no
1574,yes
1575,no
1576,no
1577,no
1578,yes
1579,no
1580,no
1581,no
1582,yes
1583,no
1584,yes
1585,no
1586,no
1587,no
1588,no
1589,no
1590,no
1591,no
1592,no
1593,no
1594,no
1595,no
1596,no
1597,yes
1598,no
1599,no
1600,no
1601,no
1602,no
1603,no
1604,no
1605,yes
1606,yes
1607,no
1608,no
1609,no
1610,yes
1611,yes
1612,no
1613,yes
1614,no
1615,no
1616,no
1617,yes
1618,yes
1619,no
1620,yes
1621,no
1622,no
1623,no
1624,no
1625,no
1626,no
1627,yes
1628,no
1629,no
1630,no
1631,no
1632,no
1633,yes
1634,no
1635,no
1636,no
1637,no
1638,no
1639,no
1640,no
1641,no
1642,no
1643,no
1644,yes
1645,no
1646,no
1647,no
1648,no
1649,no
1650,yes
1651,yes
1652,no
1653,no
1654,no
1655,no
1656,no
1657,no
1658,no
1659,no
1660,yes
1661,no
1662,no
1663,no
1664,no
1665,yes
1666,no
1667,yes
1668,no
1669,yes
1670,no
1671,no
1672,yes
1673,no
1674,no
1675,no
1676,no
1677,no
1678,no
1679,no
1680,no
1681,yes
1682,no
1683,no
1684,no
1685,no
1686,yes
1687,no
1688,no
1689,no
1690,yes
1691,no
1692,yes
1693,no
1694,no
1695,no
1696,yes
1697,yes
1698,no
1699,no
1700,no
1701,no
1702,no
1703,yes
1704,no
1705,no
1706,no
1707,no
1708,no
1709,no
1710,no
1711,no
1712,yes
1713,yes
1714,no
1715,no
1716,no
1717,no
1718,no
1719,no
1720,no
1721,no
1722,no
1723,no
1724,no
1725,no
1726,no
1727,no
1728,yes
1729,yes
1730,no
1731,no
1732,yes
1733,yes
1734,no
1735,no
1736,yes
1737,yes
1738,no
1739,no
1740,no
1741,no
1742,yes
1743,no
1744,no
1745,no
1746,no
1747,no
1748,no
1749,yes
1750,yes
1751,yes
1752,no
1753,no
1754,yes
1755,no
1756,no
1757,no
1758,no
1759,no
1760,no
1761,yes
1762,yes
1763,no
1764,no
1765,no
1766,no
1767,no
1768,no
1769,no
1770,no
1771,no
1772,no
1773,no
1774,no
1775,no
1776,yes
1777,no
1778,no
1779,no
1780,no
1781,no
1782,yes
1783,yes
1784,no
1785,yes
1786,no
1787,no
1788,no
1789,no
1790,yes
1791,no
1792,yes
1793,no
1794,yes
1795,yes
1796,no
1797,no
1798,no
1799,no
1800,no
1801,no
1802,yes
1803,no
1804,yes
1805,no
1806,no
1807,yes
1808,no
1809,no
1810,yes
1811,yes
1812,yes
1813,no
1814,no
1815,no
1816,no
1817,no
1818,no
1819,no
1820,no
1821,no
1822,no
1823,no
1824,yes
1825,no
1826,no
1827,no
1828,yes
1829,no
1830,no
1831,no
1832,no
1833,no
1834,no
1835,no
1836,yes
1837,no
1838,no
1839,no
1840,yes
1841,no
1842,no
1843,yes
1844,yes
1845,no
1846,no
1847,no
1848,yes
1849,no
1850,no
1851,yes
1852,no
1853,no
1854,no
1855,no
1856,no
1857,yes
1858,yes
1859,no
1860,no
1861,no
1862,no
1863,no
1864,no
1865,no
1866,no
1867,no
1868,yes
1869,yes
1870,no
1871,no
1872,yes
1873,no
1874,no
1875,no
1876,no
1877,no
1878,yes
1879,no
1880,no
1881,yes
1882,no
1883,yes
1884,no
1885,yes
1886,yes
1887,no
1888,no
1889,no
1890,yes
1891,yes
1892,no
1893,no
1894,yes
1895,no
1896,yes
1897,yes
1898,no
1899,no
1900,no
1901,yes
1902,no
1903,yes
1904,yes
1905,no
1906,no
1907,yes
1908,yes
1909,no
1910,yes
1911,yes
1912,no
1913,no
1914,no
1915,no
1916,no
1917,yes
1918,no
1919,no
1920,yes
1921,no
1922,no
1923,no
1924,no
1925,no
1926,no
1927,yes
1928,no
1929,yes
1930,yes
1931,yes
1932,yes
1933,no
1934,no
1935,no
1936,no
1937,yes
1938,no
1939,no
1940,no
1941,yes
1942,no
1943,no
1944,no
1945,yes
1946,yes
1947,no
1948,no
1949,yes
1950,no
1951,yes
1952,yes
1953,yes
1954,no
1955,no
1956,no
1957,no
1958,no
1959,no
1960,no
1961,no
1962,no
1963,no
1964,yes
1965,yes
1966,no
1967,no
1968,no
1969,yes
1970,no
1971,yes
1972,yes
1973,no
1974,no
1975,yes
1976,no
1977,no
1978,no
1979,no
1980,no
1981,no
1982,no
1983,no
1984,yes
1985,no
1986,yes
1987,no
1988,yes
1989,no
1990,yes
1991,no
1992,no
1993,no
1994,no
1995,no
1996,no
1997,no
1998,no
1999,yes
2000,no
2001,no
2002,no
2003,no
2004,no
2005,yes
2006,yes
2007,yes
2008,yes
2009,no
2010,yes
2011,no
2012,no
2013,no
2014,no
2015,no
2016,no
2017,no
2018,no
2019,no
2020,no
2021,no
2022,no
2023,no
2024,no
2025,yes
2026,yes
2027,no
2028,no
2029,yes
2030,no
2031,yes
2032,no
2033,no
2034,no
2035,no
2036,no
2037,no
2038,yes
2039,no
2040,no
2041,no
2042,yes
2043,no
2044,yes
2045,no
2046,yes
2047,no
2048,no
2049,no
2050,no
2051,no
2052,yes
2053,no
2054,no
2055,no
2056,yes
2057,no
2058,no
2059,no
2060,no
2061,no
2062,no
2063,no
2064,no
2065,yes
2066,yes
2067,no
2068,no
2069,no
2070,no
2071,yes
2072,no
2073,no
2074,yes
2075,no
2076,no
2077,no
2078,no
2079,no
2080,no
2081,no
2082,no
2083,no
2084,yes
2085,no
2086,no
2087,yes
2088,no
2089,yes
2090,no
2091,no
2092,yes
2093,no
2094,no
2095,no
2096,yes
2097,no
2098,no
2099,no
2100,yes
2101,no
2102,no
2103,no
2104,no
2105,yes
2106,yes
2107,no
2108,no
2109,yes
2110,no
2111,yes
2112,yes
2113,no
2114,no
2115,yes
2116,no
2117,no
2118,yes
2119,no
2120,no
2121,no
2122,no
2123,no
2124,no
2125,no
2126,no
2127,yes
2128,no
2129,no
2130,no
2131,no
2132,no
2133,no
2134,yes
2135,no
2136,no
2137,no
2138,no
2139,no
2140,no
2141,no
2142,no
2143,no
2144,yes
2145,no
2146,no
2147,no
2148,no
2149,no
2150,no
2151,no
2152,no
2153,yes
2154,no
2155,no
2156,no
2157,no
2158,no
2159,no
2160,yes
2161,no
2162,no
2163,yes
2164,yes
2165,yes
2166,yes
2167,yes
2168,no
2169,yes
2170,no
2171,yes
2172,no
2173,no
2174,no
2175,no
2176,no
2177,no
2178,yes
2179,no
2180,yes
2181,yes
2182,no
2183,no
2184,no
2185,no
2186,no
2187,yes
2188,no
2189,no
2190,yes
2191,no
2192,no
2193,no
2194,no
2195,yes
2196,no
2197,no
2198,yes
2199,no
2200,no
2201,yes
2202,no
2203,no
2204,no
2205,no
2206,no
2207,no
2208,no
2209,yes
2210,no
2211,yes
2212,no
2213,no
2214,no
2215,yes
2216,yes
2217,yes
2218,no
2219,yes
2220,no
2221,no
2222,no
2223,no
2224,no
2225,no
2226,yes
2227,no
2228,no
2229,no
2230,yes
2231,no
2232,no
2233,no
2234,no
2235,no
2236,no
2237,yes
2238,yes
2239,no
2240,no
2241,no
2242,yes
2243,yes
2244,no
2245,yes
2246,no
2247,no
2248,yes
2249,no
2250,no
2251,no
2252,no
2253,no
2254,yes
2255,no
2256,yes
2257,yes
2258,no
2259,no
2260,yes
2261,yes
2262,yes
2263,no
2264,yes
2265,no
2266,no
2267,yes
2268,no
2269,no
2270,no
2271,yes
2272,no
2273,yes
2274,no
2275,no
2276,no
2277,no
2278,no
2279,yes
2280,yes
2281,no
2282,no
2283,no
2284,no
2285,no
2286,no
2287,no
2288,no
2289,yes
2290,no
2291,no
2292,yes
2293,no
2294,no
2295,yes
2296,no
2297,yes
2298,no
2299,no
2300,no
2301,no
2302,no
2303,yes
2304,no
2305,no
2306,yes
2307,no
2308,yes
2309,no
2310,yes
2311,no
2312,no
2313,yes
2314,no
2315,no
2316,yes
2317,yes
2318,no
2319,no
2320,no
2321,no
2322,yes
2323,yes
2324,no
2325,no
2326,no
2327,no
2328,no
2329,yes
2330,no
2331,no
2332,yes
2333,no
2334,no
2335,no
2336,yes
2337,no
2338,no
2339,no
2340,no
2341,no
2342,yes
2343,no
2344,no
2345,yes
2346,no
2347,no
2348,no
2349,no
2350,yes
2351,no
2352,no
2353,no
2354,no
2355,no
2356,no
2357,no
2358,no
2359,no
2360,yes
2361,no
2362,no
2363,yes
2364,no
2365,no
2366,no
2367,no
2368,no
2369,no
2370,no
2371,no
2372,no
2373,no
2374,no
2375,no
2376,no
2377,no
2378,yes
2379,yes
2380,no
2381,no
2382,no
2383,no
2384,no
2385,yes
2386,yes
2387,no
2388,no
2389,no
2390,no
2391,no
2392,no
2393,no
2394,yes
2395,no
2396,yes
2397,no
2398,no
2399,yes
2400,no
2401,no
2402,yes
2403,no
2404,yes
2405,no
2406,no
2407,no
2408,yes
2409,no
2410,no
2411,no
2412,yes
2413,yes
2414,no
2415,no
2416,no
2417,no
2418,yes
2419,no
2420,yes
2421,no
2422,no
2423,yes
2424,no
2425,no
2426,no
2427,no
2428,no
2429,no
2430,no
2431,yes
2432,yes
2433,no
2434,no
2435,no
2436,no
2437,no
2438,no
2439,yes
2440,yes
2441,no
2442,no
2443,no
2444,no
2445,no
2446,no
2447,yes
2448,no
2449,yes
2450,no
2451,no
2452,no
2453,no
2454,no
2455,no
2456,no
2457,no
2458,yes
2459,yes
2460,no
2461,no
2462,no
2463,no
2464,no
2465,no
2466,no
2467,yes
2468,no
2469,no
2470,yes
2471,no
2472,no
2473,yes
2474,yes
2475,no
2476,no
2477,no
2478,no
2479,yes
2480,yes
2481,yes
2482,yes
2483,yes
2484,no
2485,no
2486,yes
2487,yes
2488,no
2489,no
2490,no
2491,no
2492,no
2493,no
2494,no
2495,no
2496,no
2497,no
2498,no
2499,no
2500,no
2501,no
2502,no
2503,yes
2504,no
2505,no
2506,no
2507,yes
2508,yes
2509,no
2510,no
2511,no
2512,no
2513,no
2514,no
2515,yes
2516,no
2517,no
2518,yes
2519,no
2520,no
2521,yes
2522,yes
2523,no
2524,no
2525,no
2526,no
2527,yes
2528,no
2529,no
2530,no
2531,no
2532,no
2533,no
2534,no
2535,no
2536,no
2537,yes
2538,yes
2539,no
2540,yes
2541,yes
2542,no
2543,no
2544,no
2545,no
2546,no
2547,no
2548,no
2549,yes
2550,no
2551,no
2552,yes
2553,no
2554,yes
2555,yes
2556,no
2557,no
2558,no
2559,no
2560,no
2561,no
2562,yes
2563,no
2564,no
2565,no
2566,yes
2567,no
2568,no
2569,yes
2570,no
2571,no
2572,yes
2573,no
2574,yes
2575,no
2576,no
2577,no
2578,no
2579,no
2580,no
2581,no
2582,no
2583,no
2584,no
2585,no
2586,no
2587,no
2588,no
2589,no
2590,no
2591,no
2592,no
2593,yes
2594,no
2595,no
2596,no
2597,no
2598,no
2599,no
2600,no
2601,no
2602,yes
2603,no
2604,yes
2605,no
2606,no
2607,yes
2608,no
2609,no
2610,no
2611,yes
2612,yes
2613,no
2614,yes
2615,yes
2616,no
2617,no
2618,no
2619,yes
2620,no
2621,no
2622,no
2623,no
2624,no
2625,no
2626,no
2627,no
2628,yes
2629,no
2630,yes
2631,no
2632,no
2633,no
2634,no
2635,no
2636,no
2637,no
2638,no
2639,no
2640,yes
2641,no
2642,yes
2643,no
2644,no
2645,no
2646,yes
2647,yes
2648,no
2649,no
2650,no
2651,no
2652,yes
2653,no
2654,no
2655,no
2656,yes
2657,no
2658,no
2659,yes
2660,no
2661,no
2662,no
2663,no
2664,no
2665,yes
2666,no
2667,no
2668,no
2669,no
2670,yes
2671,yes
2672,no
2673,no
2674,no
2675,no
2676,no
2677,yes
2678,yes
2679,no
2680,no
2681,yes
2682,no
2683,no
2684,no
2685,no
2686,no
2687,no
2688,yes
2689,no
2690,yes
2691,no
2692,no
2693,yes
2694,no
2695,no
2696,no
2697,yes
2698,yes
2699,no
2700,yes
2701,no
2702,no
2703,no
2704,no
2705,no
2706,no
2707,no
2708,no
2709,yes
2710,yes
2711,no
2712,yes
2713,yes
2714,no
2715,no
2716,yes
2717,no
2718,no
2719,no
2720,no
2721,no
2722,yes
2723,no
2724,no
2725,no
2726,no
2727,yes
2728,no
2729,no
2730,yes
2731,no
2732,no
2733,yes
2734,no
2735,no
2736,no
2737,no
2738,no
2739,no
2740,no
2741,no
2742,no
2743,no
2744,no
2745,no
2746,no
2747,no
2748,no
2749,no
2750,yes
2751,no
2752,no
2753,no
2754,yes
2755,yes
2756,no
2757,no
2758,no
2759,no
2760,no
2761,yes
2762,no
2763,no
2764,no
2765,no
2766,no
2767,no
2768,yes
2769,yes
2770,yes
2771,no
2772,yes
2773,no
2774,yes
2775,no
2776,no
2777,no
2778,yes
2779,no
2780,no
2781,no
2782,no
2783,no
2784,no
2785,no
2786,no
2787,no
2788,no
2789,yes
2790,no
2791,no
2792,yes
2793,yes
2794,yes
2795,yes
2796,yes
2797,no
2798,yes
2799,no
2800,yes
2801,no
2802,no
2803,no
2804,no
2805,no
2806,no
2807,no
2808,yes
2809,no
2810,yes
2811,no
2812,no
2813,no
2814,no
2815,no
2816,no
2817,no
2818,yes
2819,no
2820,no
2821,no
2822,yes
2823,no
2824,no
2825,yes
2826,no
2827,yes
2828,no
2829,no
2830,no
2831,no
2832,yes
2833,no
2834,yes
2835,no
2836,yes
2837,no
2838,no
2839,yes
2840,no
2841,no
2842,no
2843,no
2844,no
2845,yes
2846,yes
2847,no
2848,yes
2849,yes
2850,no
2851,yes
2852,no
2853,no
2854,no
2855,no
2856,no
2857,no
2858,no
2859,no
2860,no
2861,no
2862,no
2863,yes
2864,yes
2865,yes
2866,yes
2867,yes
2868,no
2869,yes
2870,no
2871,no
2872,no
2873,yes
2874,yes
2875,yes
2876,no
2877,no
2878,yes
2879,no
2880,yes
2881,no
2882,yes
2883,no
2884,no
2885,no
2886,yes
2887,yes
2888,no
2889,yes
2890,no
2891,no
2892,no
2893,no
2894,no
2895,no
2896,no
2897,no
2898,no
2899,no
2900,no
2901,no
2902,no
2903,no
2904,no
2905,yes
2906,no
2907,yes
2908,no
2909,yes
2910,yes
2911,no
2912,no
2913,yes
2914,no
2915,no
2916,no
2917,no
2918,yes
2919,yes
2920,no
2921,no
2922,no
2923,no
2924,yes
2925,no
2926,yes
2927,no
2928,no
2929,yes
2930,no
2931,no
2932,no
2933,no
2934,no
2935,yes
2936,no
2937,no
2938,yes
2939,no
2940,yes
2941,no
2942,no
2943,no
2944,yes
2945,no
2946,no
2947,yes
2948,no
2949,no
2950,no
2951,yes
2952,yes
2953,no
2954,no
2955,no
2956,yes
2957,no
2958,no
2959,no
2960,yes
2961,no
2962,no
2963,no
2964,no
2965,no
2966,yes
2967,no
2968,no
2969,no
2970,no
2971,no
2972,no
2973,no
2974,no
2975,yes
2976,no
2977,no
2978,no
2979,yes
2980,no
2981,no
2982,no
2983,no
2984,no
2985,yes
2986,no
2987,no
2988,yes
2989,no
2990,no
2991,yes
2992,no
2993,no
2994,yes
2995,no
2996,no
2997,yes
2998,no
2999,no
3000,no
3001,yes
3002,no
3003,no
3004,no
3005,no
3006,no
3007,no
3008,no
3009,no
3010,no
3011,yes
3012,no
3013,no
3014,yes
3015,no
3016,no
3017,no
3018,no
3019,no
3020,yes
3021,no
3022,no
3023,yes
3024,no
3025,no
3026,yes
3027,no
3028,no
3029,no
3030,no
3031,no
3032,no
3033,no
3034,no
3035,no
3036,no
3037,yes
3038,no
3039,yes
3040,no
3041,no
3042,no
3043,no
3044,yes
3045,no
3046,no
3047,no
3048,yes
3049,no
3050,no
3051,no
3052,no
3053,no
3054,yes
3055,no
3056,no
3057,yes
3058,yes
3059,no
3060,no
3061,no
3062,no
3063,yes
3064,no
3065,yes
3066,no
3067,no
3068,no
3069,no
3070,no
3071,no
3072,no
3073,no
3074,no
3075,no
3076,no
3077,no
3078,no
3079,no
3080,yes
3081,no
3082,no
3083,no
3084,yes
3085,no
3086,no
3087,no
3088,no
3089,no
3090,yes
3091,yes
3092,no
3093,yes
3094,no
3095,no
3096,no
3097,no
3098,yes
3099,no
3100,yes
3101,no
3102,no
3103,no
3104,no
3105,no
3106,yes
3107,no
3108,no
3109,yes
3110,yes
3111,yes
3112,yes
3113,yes
3114,no
3115,no
3116,no
3117,no
3118,no
3119,no
3120,no
3121,no
3122,no
3123,yes
3124,no
3125,yes
3126,yes
3127,yes
3128,no
3129,yes
3130,no
3131,no
3132,yes
3133,no
3134,no
3135,yes
3136,yes
3137,no
3138,no
3139,yes
3140,no
3141,no
3142,no
3143,no
3144,yes
3145,yes
3146,no
3147,no
3148,no
3149,no
3150,no
3151,no
3152,no
3153,no
3154,no
3155,no
3156,yes
3157,no
3158,no
3159,no
3160,yes
3161,no
3162,no
3163,yes
3164,yes
3165,no
3166,no
3167,no
3168,yes
3169,yes
3170,no
3171,no
3172,no
3173,no
3174,no
3175,yes
3176,no
3177,no
3178,no
3179,yes
3180,no
3181,no
3182,no
3183,no
3184,no
3185,yes
3186,yes
3187,no
3188,no
3189,no
3190,no
3191,no
3192,yes
3193,yes
3194,yes
3195,no
3196,no
3197,yes
3198,no
3199,yes
3200,no
3201,no
3202,no
3203,no
3204,no
3205,no
3206,yes
3207,no
3208,yes
3209,no
3210,no
3211,yes
3212,no
3213,no
3214,no
3215,no
3216,no
3217,no
3218,no
3219,no
3220,no
3221,no
3222,no
3223,no
3224,yes
3225,no
3226,yes
3227,no
3228,yes
3229,no
3230,no
3231,no
3232,yes
3233,no
3234,no
3235,yes
3236,no
3237,no
3238,yes
3239,yes
3240,no
3241,no
3242,no
3243,yes
3244,no
3245,no
3246,no
3247,no
3248,no
3249,no
3250,no
3251,no
3252,no
3253,yes
3254,no
3255,no
3256,yes
3257,no
3258,yes
3259,no
3260,no
3261,no
3262,no
3263,no
3264,no
3265,no
3266,no
3267,no
3268,no
3269,no
3270,yes
3271,no
3272,no
3273,yes
3274,no
3275,yes
3276,yes
3277,yes
3278,no
3279,no
3280,no
3281,no
3282,yes
3283,no
3284,yes
3285,no
3286,no
3287,no
3288,no
3289,yes
3290,no
3291,no
3292,yes
3293,no
3294,no
3295,no
3296,no
3297,no
3298,no
3299,no
3300,no
3301,no
3302,no
3303,no
3304,no
3305,no
3306,yes
3307,no
3308,no
3309,no
3310,no
3311,no
3312,no
3313,yes
3314,no
3315,no
3316,yes
3317,yes
3318,yes
3319,no
3320,no
3321,no
3322,no
3323,no
3324,no
3325,no
3326,no
3327,no
3328,yes
3329,no
3330,no
3331,no
3332,no
3333,no
3334,no
3335,no
3336,no
3337,yes
3338,no
3339,no
3340,no
3341,no
3342,no
3343,no
3344,yes
3345,no
3346,no
3347,yes
3348,yes
3349,no
3350,no
3351,no
3352,no
3353,no
3354,no
3355,yes
3356,no
3357,no
3358,no
3359,no
3360,no
3361,no
3362,yes
3363,no
3364,no
3365,no
3366,no
3367,no
3368,no
3369,no
3370,no
3371,no
3372,no
3373,no
3374,no
3375,no
3376,no
3377,no
3378,yes
3379,no
3380,no
3381,no
3382,no
3383,no
3384,no
3385,no
3386,no
3387,yes
3388,yes
3389,no
3390,yes
3391,no
3392,no
3393,yes
3394,yes
3395,no
3396,no
3397,no
3398,no
3399,no
3400,yes
3401,no
3402,no
3403,yes
3404,no
3405,yes
3406,yes
3407,yes
3408,no
3409,no
3410,yes
3411,yes
3412,no
3413,no
3414,no
3415,no
3416,no
3417,no
3418,no
3419,no
3420,yes
3421,yes
3422,yes
3423,yes
3424,yes
3425,no
3426,no
3427,no
3428,yes
3429,no
3430,no
3431,no
3432,no
3433,no
3434,no
3435,no
3436,yes
3437,no
3438,no
3439,yes
3440,yes
3441,no
3442,yes
3443,yes
3444,yes
3445,no
3446,no
3447,no
3448,yes
3449,yes
3450,no
3451,no
3452,no
3453,no
3454,no
3455,no
3456,yes
3457,no
3458,no
3459,no
3460,no
3461,no
3462,no
3463,no
3464,no
3465,yes
3466,no
3467,no
3468,no
3469,no
3470,yes
3471,yes
3472,no
3473,no
3474,no
3475,no
3476,no
3477,yes
3478,no
3479,no
3480,yes
3481,no
3482,no
3483,no
3484,yes
3485,no
3486,no
3487,no
3488,no
3489,no
3490,no
3491,yes
3492,no
3493,yes
3494,no
3495,yes
3496,no
3497,no
3498,no
3499,no
3500,no
3501,no
3502,no
3503,no
3504,no
3505,yes
3506,yes
3507,no
3508,no
3509,no
3510,no
3511,yes
3512,no
3513,no
3514,no
3515,yes
3516,no
3517,no
3518,yes
3519,yes
3520,no
3521,no
3522,no
3523,no
3524,no
3525,no
3526,no
3527,yes
3528,yes
3529,yes
3530,no
3531,no
3532,yes
3533,yes
3534,no
3535,yes
3536,no
3537,no
3538,no
3539,yes
3540,no
3541,no
3542,no
3543,no
3544,yes
3545,no
3546,yes
3547,no
3548,yes
3549,yes
3550,no
3551,no
3552,no
3553,no
3554,no
3555,no
3556,no
3557,no
3558,yes
3559,no
3560,no
3561,yes
3562,yes
3563,no
3564,no
3565,no
3566,no
3567,no
3568,no
3569,no
3570,yes
3571,no
3572,no
3573,yes
3574,no
3575,no
3576,no
3577,no
3578,no
3579,no
3580,no
3581,no
3582,no
3583,no
3584,no
3585,no
3586,no
3587,yes
3588,no
3589,no
3590,no
3591,yes
3592,no
3593,no
3594,no
3595,no
3596,no
3597,yes
3598,no
3599,no
3600,no
3601,no
3602,no
3603,yes
3604,no
3605,no
3606,no
3607,yes
3608,no
3609,no
3610,no
3611,no
3612,no
3613,yes
3614,no
3615,yes
3616,no
3617,no
3618,yes
3619,no
3620,no
3621,no
3622,yes
3623,no
3624,yes
3625,no
3626,no
3627,no
3628,yes
3629,no
3630,no
3631,no
3632,no
3633,yes
3634,yes
3635,no
3636,no
3637,no
3638,no
3639,no
3640,yes
3641,yes
3642,no
3643,no
3644,no
3645,no
3646,no
3647,no
3648,no
3649,yes
3650,no
3651,no
3652,no
3653,yes
3654,no
3655,no
3656,no
3657,no
3658,no
3659,no
3660,no
3661,no
3662,no
3663,no
3664,no
3665,yes
3666,no
3667,no
3668,no
3669,no
3670,yes
3671,no
3672,no
3673,no
3674,no
3675,no
3676,no
3677,no
3678,no
3679,no
3680,no
3681,no
3682,no
3683,yes
3684,no
3685,no
3686,no
3687,no
3688,no
3689,no
3690,no
3691,no
3692,no
3693,no
3694,no
3695,no
3696,yes
3697,yes
3698,no
3699,no
3700,no
3701,no
3702,yes
3703,no
3704,no
3705,no
3706,no
3707,yes
3708,yes
3709,no
3710,no
3711,yes
3712,no
3713,no
3714,no
3715,no
3716,no
3717,no
3718,yes
3719,no
3720,yes
3721,no
3722,yes
3723,no
3724,yes
3725,no
3726,yes
3727,no
3728,no
3729,no
3730,no
3731,no
3732,no
3733,no
3734,no
3735,no
3736,yes
3737,yes
3738,no
3739,no
3740,no
3741,no
3742,yes
3743,no
3744,no
3745,no
3746,no
3747,yes
3748,yes
3749,no
3750,no
3751,yes
3752,no
3753,no
3754,no
3755,no
3756,no
3757,no
3758,no
3759,no
3760,no
3761,no
3762,no
3763,yes
3764,no
3765,no
3766,no
3767,no
3768,no
3769,no
3770,no
3771,no
3772,no
3773,no
3774,yes
3775,yes
3776,no
3777,no
3778,yes
3779,yes
3780,yes
3781,no
3782,yes
3783,no
3784,no
3785,no
3786,no
3787,no
3788,no
3789,no
3790,no
3791,no
3792,no
3793,no
3794,no
3795,no
3796,no
3797,no
3798,no
3799,no
3800,no
3801,no
3802,no
3803,no
3804,yes
3805,no
3806,yes
3807,no
3808,no
3809,no
3810,no
3811,no
3812,no
3813,yes
3814,no
3815,no
3816,no
3817,yes
3818,no
3819,yes
3820,no
3821,yes
3822,no
3823,no
3824,yes
3825,no
3826,no
3827,no
3828,no
3829,no
3830,yes
3831,yes
3832,yes
3833,no
3834,no
3835,no
3836,no
3837,no
3838,no
3839,yes
3840,no
3841,no
3842,no
3843,yes
3844,yes
3845,no
3846,no
3847,no
3848,yes
3849,yes
3850,no
3851,no
3852,no
3853,yes
3854,no
3855,no
3856,no
3857,no
3858,yes
3859,no
3860,no
3861,no
3862,no
3863,no
3864,no
3865,no
3866,no
3867,no
3868,yes
3869,no
3870,no
3871,no
3872,no
3873,no
3874,no
3875,no
3876,no
3877,no
3878,no
3879,no
3880,no
3881,no
3882,no
3883,no
3884,no
3885,no
3886,no
3887,no
3888,no
3889,no
3890,yes
3891,no
3892,no
3893,no
3894,yes
3895,no
3896,no
3897,no
3898,yes
3899,no
3900,no
3901,no
3902,no
3903,no
3904,no
3905,no
3906,no
3907,no
3908,no
3909,yes
3910,yes
3911,no
3912,no
3913,no
3914,no
3915,no
3916,no
3917,no
3918,no
3919,no
3920,yes
3921,no
3922,yes
3923,no
3924,no
3925,no
3926,no
3927,no
3928,no
3929,no
3930,no
3931,yes
3932,no
3933,no
3934,no
3935,no
3936,yes
3937,yes
3938,no
3939,yes
3940,no
3941,no
3942,no
3943,no
3944,no
3945,no
3946,yes
3947,no
3948,yes
3949,yes
3950,no
3951,no
3952,no
3953,no
3954,no
3955,no
3956,no
3957,no
3958,no
3959,no
3960,no
3961,no
3962,no
3963,no
3964,no
3965,no
3966,no
3967,no
3968,yes
3969,no
3970,no
3971,no
3972,no
3973,no
3974,no
3975,no
3976,no
3977,no
3978,no
3979,no
3980,no
3981,no
3982,no
3983,yes
3984,no
3985,no
3986,no
3987,no
3988,yes
3989,yes
3990,no
3991,no
3992,yes
3993,no
3994,yes
3995,no
3996,no
3997,yes
3998,no
3999,no
4000,no
4001,no
4002,no
4003,yes
4004,yes
4005,no
4006,no
4007,yes
4008,no
4009,no
4010,no
4011,no
4012,yes
4013,no
4014,no
4015,no
4016,yes
4017,no
4018,no
4019,no
4020,no
4021,yes
4022,no
4023,no
4024,no
4025,yes
4026,no
4027,no
4028,no
4029,no
4030,yes
4031,yes
4032,no
4033,yes
4034,no
4035,no
4036,no
4037,no
4038,no
4039,no
4040,no
4041,no
4042,no
4043,no
4044,yes
4045,no
4046,no
4047,yes
4048,no
4049,no
4050,no
4051,yes
4052,yes
4053,yes
4054,yes
4055,no
4056,no
4057,no
4058,no
4059,no
4060,no
4061,no
4062,no
4063,yes
4064,no
4065,no
4066,yes
4067,no
4068,yes
4069,no
4070,yes
4071,no
4072,no
4073,no
4074,no
4075,no
4076,no
4077,no
4078,no
4079,no
4080,no
4081,no
4082,no
4083,no
4084,no
4085,yes
4086,no
4087,no
4088,yes
4089,no
4090,no
4091,yes
4092,no
4093,no
4094,no
4095,no
4096,no
4097,yes
4098,yes
4099,no
4100,no
4101,yes
4102,yes
4103,no
4104,no
4105,no
4106,no
4107,yes
4108,no
4109,no
4110,no
4111,yes
4112,yes
4113,yes
4114,no
4115,no
4116,yes
4117,no
4118,yes
4119,no
4120,no
4121,no
4122,no
4123,no
4124,no
4125,no
4126,yes
4127,no
4128,no
4129,no
4130,no
4131,yes
4132,no
4133,yes
4134,yes
4135,no
4136,no
4137,no
4138,yes
4139,yes
4140,no
4141,no
4142,yes
4143,no
4144,yes
4145,no
4146,no
4147,yes
4148,yes
4149,yes
4150,no
4151,no
4152,no
4153,no
4154,yes
4155,no
4156,no
4157,no
4158,no
4159,no
4160,no
4161,no
4162,yes
4163,no
4164,yes
4165,yes
4166,no
4167,no
4168,yes
4169,no
4170,no
4171,yes
4172,no
4173,yes
4174,no
4175,yes
4176,no
4177,no
4178,no
4179,no
4180,no
4181,yes
4182,yes
4183,no
4184,yes
4185,no
4186,no
4187,yes
4188,no
4189,no
4190,no
4191,yes
4192,no
4193,no
4194,yes
4195,no
4196,no
4197,no
4198,yes
4199,no
4200,no
4201,no
4202,no
4203,yes
4204,yes
4205,no
4206,no
4207,yes
4208,no
4209,no
4210,no
4211,yes
4212,yes
4213,no
4214,no
4215,no
4216,no
4217,yes
4218,no
4219,no
4220,no
4221,no
4222,no
4223,yes
4224,yes
4225,no
4226,no
4227,yes
4228,no
4229,no
4230,yes
4231,no
4232,yes
4233,no
4234,no
4235,yes
4236,no
4237,no
4238,yes
4239,no
4240,no
4241,yes
4242,no
4243,yes
4244,no
4245,no
4246,no
4247,no
4248,no
4249,no
4250,no
4251,yes
4252,no
4253,no
4254,no
4255,no
4256,no
4257,no
4258,yes
4259,yes
4260,no
4261,yes
4262,no
4263,no
4264,no
4265,no
4266,no
4267,no
4268,yes
4269,no
4270,no
4271,no
4272,no
4273,no
4274,no
4275,no
4276,no
4277,no
4278,no
4279,no
4280,no
4281,no
4282,no
4283,yes
4284,no
4285,no
4286,no
4287,yes
4288,yes
4289,no
4290,yes
4291,no
4292,yes
4293,no
4294,no
4295,no
4296,yes
4297,no
4298,no
4299,no
4300,no
4301,yes
4302,no
4303,no
4304,no
4305,no
4306,no
4307,no
4308,yes
4309,yes
4310,no
4311,yes
4312,no
4313,yes
4314,no
4315,no
4316,no
4317,yes
4318,no
4319,no
4320,no
4321,yes
4322,yes
4323,yes
4324,yes
4325,no
4326,no
4327,yes
4328,no
4329,no
4330,no
4331,no
4332,no
4333,yes
4334,no
4335,yes
4336,no
4337,yes
4338,no
4339,yes
4340,no
4341,no
4342,yes
4343,no
4344,no
4345,no
4346,no
4347,no
4348,no
4349,yes
4350,no
4351,no
4352,no
4353,no
4354,no
4355,no
4356,no
4357,no
4358,no
4359,yes
4360,no
4361,yes
4362,no
4363,no
4364,no
4365,yes
4366,no
4367,no
4368,no
4369,no
4370,no
4371,yes
4372,no
4373,no
4374,no
4375,no
4376,no
4377,no
4378,no
4379,no
4380,no
4381,no
4382,no
4383,yes
4384,no
4385,yes
4386,yes
4387,no
4388,no
4389,no
4390,no
4391,yes
4392,no
4393,no
4394,no
4395,yes
4396,yes
4397,no
4398,yes
4399,no
4400,no
4401,no
4402,no
4403,no
4404,no
4405,no
4406,no
4407,no
4408,no
4409,no
4410,no
4411,no
4412,no
4413,no
4414,no
4415,yes
4416,yes
4417,no
4418,no
4419,no
4420,no
4421,yes
4422,no
4423,no
4424,no
4425,no
4426,yes
4427,no
4428,yes
4429,no
4430,no
4431,no
4432,no
4433,no
4434,no
4435,no
4436,yes
4437,yes
4438,no
4439,no
4440,no
4441,yes
4442,no
4443,yes
4444,no
4445,yes
4446,yes
4447,no
4448,no
4449,no
4450,no
4451,yes
4452,yes
4453,no
4454,no
4455,no
4456,no
4457,yes
4458,yes
4459,yes
4460,no
4461,yes
4462,no
4463,no
4464,yes
4465,no
4466,no
4467,no
4468,no
4469,no
4470,no
4471,no
4472,no
4473,no
4474,no
4475,no
4476,yes
4477,no
4478,no
4479,no
4480,yes
4481,no
4482,yes
4483,yes
4484,yes
4485,yes
4486,no
4487,yes
4488,no
4489,no
4490,yes
4491,no
4492,no
4493,no
4494,no
4495,no
4496,no
4497,yes
4498,no
4499,no
4500,no
4501,no
4502,yes
4503,yes
4504,yes
4505,no
4506,no
4507,yes
4508,no
4509,yes
4510,no
4511,no
4512,no
4513,no
4514,yes
4515,no
4516,no
4517,no
4518,no
4519,yes
4520,no
4521,no
4522,no
4523,yes
4524,no
4525,yes
4526,no
4527,no
4528,yes
4529,yes
4530,yes
4531,no
4532,no
4533,no
4534,no
4535,no
4536,no
4537,no
4538,no
4539,no
4540,no
4541,yes
4542,no
4543,no
4544,no
4545,yes
4546,no
4547,yes
4548,yes
4549,yes
4550,yes
4551,no
4552,no
4553,no
4554,yes
4555,no
4556,no
4557,no
4558,yes
4559,no
4560,no
4561,no
4562,no
4563,no
4564,no
4565,no
4566,yes
4567,no
4568,no
4569,yes
4570,no
4571,no
4572,no
4573,no
4574,no
4575,yes
4576,no
4577,yes
4578,no
4579,no
4580,yes
4581,no
4582,no
4583,no
4584,yes
4585,yes
4586,no
4587,yes
4588,no
4589,no
4590,yes
4591,no
4592,no
4593,no
4594,no
4595,no
4596,yes
4597,no
4598,no
4599,no
4600,yes
4601,no
4602,no
4603,no
4604,yes
4605,yes
4606,no
4607,no
4608,no
4609,no
4610,no
4611,no
4612,yes
4613,yes
4614,yes
4615,no
4616,yes
4617,no
4618,no
4619,no
4620,yes
4621,no
4622,no
4623,yes
4624,yes
4625,no
4626,no
4627,no
4628,no
4629,yes
4630,no
4631,no
4632,no
4633,no
4634,no
4635,no
4636,no
4637,no
4638,yes
4639,no
4640,yes
4641,no
4642,yes
4643,no
4644,no
4645,yes
4646,yes
4647,no
4648,no
4649,no
4650,yes
4651,no
4652,no
4653,yes
4654,yes
4655,no
4656,no
4657,no
4658,no
4659,no
4660,no
4661,no
4662,no
4663,no
4664,no
4665,no
4666,no
4667,no
4668,no
4669,yes
4670,yes
4671,yes
4672,no
4673,yes
4674,yes
4675,no
4676,yes
4677,no
4678,no
4679,no
4680,no
4681,yes
4682,no
4683,no
4684,no
4685,yes
4686,yes
4687,no
4688,no
4689,no
4690,no
4691,no
4692,no
4693,no
4694,no
4695,no
4696,yes
4697,no
4698,yes
4699,no
4700,no
4701,no
4702,no
4703,yes
4704,no
4705,yes
4706,yes
4707,no
4708,yes
4709,no
4710,no
4711,no
4712,no
4713,yes
4714,no
4715,yes
4716,yes
4717,no
4718,no
4719,no
4720,no
4721,no
4722,no
4723,yes
4724,yes
4725,no
4726,yes
4727,yes
4728,no
4729,no
4730,no
4731,yes
4732,yes
4733,no
4734,no
4735,no
4736,no
4737,no
4738,no
4739,no
4740,no
4741,no
4742,no
4743,no
4744,no
4745,no
4746,no
4747,no
4748,no
4749,no
4750,no
4751,no
4752,no
4753,no
4754,yes
4755,no
4756,no
4757,no
4758,no
4759,no
4760,yes
4761,no
4762,no
4763,no
4764,no
4765,yes
4766,no
4767,no
4768,no
4769,no
4770,no
4771,yes
4772,no
4773,yes
4774,no
4775,no
4776,no
4777,no
4778,no
4779,no
4780,no
4781,no
4782,no
4783,no
4784,no
4785,yes
4786,no
4787,no
4788,no
4789,no
4790,no
4791,yes
4792,no
4793,no
4794,no
4795,yes
4796,no
4797,yes
4798,no
4799,no
4800,no
4801,no
4802,no
4803,no
4804,no
4805,no
4806,no
4807,no
4808,no
4809,no
4810,no
4811,no
4812,no
4813,yes
4814,no
4815,no
4816,no
4817,no
4818,yes
4819,yes
4820,yes
4821,no
4822,no
4823,no
4824,yes
4825,no
4826,yes
4827,yes
4828,no
4829,no
4830,no
4831,no
4832,no
4833,no
4834,no
4835,no
4836,no
4837,no
4838,no
4839,no
4840,yes
4841,no
4842,no
4843,no
4844,yes
4845,no
4846,yes
4847,no
4848,no
4849,no
4850,no
4851,no
4852,yes
4853,no
4854,no
4855,no
4856,no
4857,no
4858,no
4859,yes
4860,no
4861,no
4862,no
4863,yes
4864,no
4865,no
4866,yes
4867,no
4868,no
4869,no
4870,no
4871,no
4872,no
4873,no
4874,no
4875,no
4876,no
4877,no
4878,yes
4879,no
4880,yes
4881,no
4882,yes
4883,yes
4884,no
4885,no
4886,no
4887,no
4888,yes
4889,no
4890,no
4891,no
4892,no
4893,yes
4894,no
4895,yes
4896,no
4897,yes
4898,no
4899,no
4900,no
4901,yes
4902,no
4903,yes
4904,yes
4905,no
4906,no
4907,no
4908,yes
4909,no
4910,no
4911,no
4912,no
4913,yes
4914,yes
4915,no
4916,no
4917,yes
4918,yes
4919,yes
4920,yes
4921,no
4922,yes
4923,yes
4924,no
4925,no
4926,no
4927,no
4928,no
4929,no
4930,no
4931,no
4932,no
4933,yes
4934,yes
4935,yes
4936,no
4937,no
4938,yes
4939,no
4940,no
4941,yes
4942,no
4943,no
4944,no
4945,no
4946,no
4947,no
4948,no
4949,no
4950,no
4951,no
4952,no
4953,no
4954,yes
4955,no
4956,no
4957,yes
4958,no
4959,no
4960,no
4961,no
4962,no
4963,no
4964,no
4965,no
4966,no
4967,no
4968,no
4969,no
4970,yes
4971,no
4972,no
4973,yes
4974,no
4975,no
4976,no
4977,no
4978,no
4979,no
4980,yes
4981,yes
4982,no
4983,yes
4984,no
4985,yes
4986,yes
4987,no
4988,yes
4989,no
4990,yes
4991,no
4992,no
4993,no
4994,no
4995,yes
4996,no
4997,no
4998,yes
4999,no
5000,yes
5001,yes
5002,no
5003,no
5004,no
5005,no
5006,no
5007,yes
5008,no
5009,no
5010,yes
5011,no
5012,no
5013,no
5014,no
5015,no
5016,no
5017,yes
5018,no
5019,no
5020,no
5021,yes
5022,no
5023,no
5024,yes
5025,no
5026,no
5027,no
5028,no
5029,no
5030,no
5031,no
5032,yes
5033,no
5034,no
5035,no
5036,yes
5037,no
5038,no
5039,no
5040,yes
5041,yes
5042,yes
5043,yes
5044,no
5045,no
5046,no
5047,no
5048,yes
5049,no
5050,no
5051,no
5052,no
5053,no
5054,no
5055,no
5056,yes
5057,yes
5058,no
5059,no
5060,no
5061,no
5062,no
5063,yes
5064,no
5065,yes
5066,yes
5067,no
5068,no
5069,yes
5070,no
5071,yes
5072,no
5073,no
5074,no
5075,no
5076,no
5077,no
5078,yes
5079,no
5080,no
5081,no
5082,no
5083,yes
5084,yes
5085,no
5086,no
5087,no
5088,no
5089,no
5090,no
5091,no
5092,no
5093,no
5094,yes
5095,no
5096,no
5097,no
5098,yes
5099,yes
5100,yes
5101,no
5102,yes
5103,no
5104,no
5105,no
5106,no
5107,no
5108,no
5109,no
5110,no
5111,no
5112,yes
5113,no
5114,no
5115,no
5116,no
5117,no
5118,no
5119,yes
5120,no
5121,no
5122,yes
5123,no
5124,no
5125,no
5126,yes
5127,yes
5128,yes
5129,yes
5130,no
5131,no
5132,no
5133,no
5134,no
5135,no
5136,no
5137,no
5138,no
5139,yes
5140,yes
5141,yes
5142,yes
5143,no
5144,no
5145,yes
5146,yes
5147,no
5148,yes
5149,yes
5150,yes
5151,no
5152,no
5153,yes
5154,no
5155,no
5156,no
5157,no
5158,no
5159,yes
5160,no
5161,no
5162,yes
5163,no
5164,no
5165,no
5166,no
5167,no
5168,no
5169,no
5170,no
5171,no
5172,no
5173,no
5174,yes
5175,no
5176,no
5177,yes
5178,no
5179,no
5180,no
5181,yes
5182,no
5183,yes
5184,no
5185,no
5186,no
5187,yes
5188,no
5189,yes
5190,no
5191,no
5192,yes
5193,no
5194,no
5195,yes
5196,no
5197,no
5198,no
5199,yes
5200,no
5201,yes
5202,no
5203,no
5204,no
5205,no
5206,yes
5207,no
5208,no
5209,no
5210,no
5211,no
5212,yes
5213,no
5214,no
5215,yes
5216,no
5217,no
5218,no
5219,no
5220,yes
5221,no
5222,no
5223,yes
5224,yes
5225,no
5226,yes
5227,yes
5228,yes
5229,no
5230,no
5231,yes
5232,no
5233,no
5234,no
5235,no
5236,yes
5237,no
5238,no
5239,no
5240,no
5241,no
5242,no
5243,no
5244,yes
5245,no
5246,no
5247,no
5248,yes
5249,no
5250,yes
5251,no
5252,no
5253,no
5254,yes
5255,no
5256,yes
5257,no
5258,no
5259,no
5260,no
5261,no
5262,yes
5263,no
5264,no
5265,no
5266,yes
5267,no
5268,no
5269,no
5270,no
5271,yes
5272,yes
5273,no
5274,no
5275,no
5276,yes
5277,no
5278,yes
5279,no
5280,no
5281,yes
5282,yes
5283,no
5284,no
5285,no
5286,no
5287,no
5288,no
5289,yes
5290,yes
5291,no
5292,no
5293,no
5294,yes
5295,yes
5296,no
5297,no
5298,no
5299,yes
5300,no
5301,yes
5302,no
5303,no
5304,yes
5305,no
5306,no
5307,no
5308,no
5309,no
5310,no
5311,no
5312,yes
5313,no
5314,yes
5315,yes
5316,no
5317,no
5318,no
5319,no
5320,yes
5321,yes
5322,no
5323,no
5324,no
5325,yes
5326,no
5327,no
5328,yes
5329,no
5330,no
5331,no
5332,no
5333,no
5334,no
5335,yes
5336,no
5337,yes
5338,yes
5339,no
5340,yes
5341,no
5342,no
5343,no
5344,no
5345,no
5346,no
5347,no
5348,no
5349,no
5350,yes
5351,no
5352,no
5353,no
5354,no
5355,no
5356,no
5357,no
5358,no
5359,no
5360,no
5361,no
5362,yes
5363,no
5364,no
5365,no
5366,no
5367,no
5368,no
5369,no
5370,yes
5371,no
5372,no
5373,no
5374,no
5375,yes
5376,yes
5377,no
5378,no
5379,no
5380,no
5381,no
5382,no
5383,no
5384,no
5385,yes
5386,no
5387,no
5388,no
5389,yes
5390,no
5391,yes
5392,no
5393,yes
5394,yes
5395,no
5396,no
5397,yes
5398,yes
5399,no
5400,no
5401,no
5402,yes
5403,no
5404,no
5405,no
5406,no
5407,no
5408,yes
5409,no
5410,no
5411,yes
5412,no
5413,yes
5414,no
5415,no
5416,no
5417,no
5418,no
5419,no
5420,no
5421,no
5422,no
5423,no
5424,no
5425,yes
5426,no
5427,no
5428,no
5429,no
5430,yes
5431,no
5432,yes
5433,no
5434,yes
5435,no
5436,no
5437,no
5438,no
5439,yes
5440,no
5441,no
5442,yes
5443,yes
5444,no
5445,no
5446,yes
5447,no
5448,no
5449,yes
5450,yes
5451,no
5452,no
5453,no
5454,no
5455,no
5456,no
5457,yes
5458,no
5459,no
5460,no
5461,yes
5462,no
5463,no
5464,no
5465,yes
5466,no
5467,no
5468,no
5469,no
5470,no
5471,no
5472,no
5473,yes
5474,no
5475,yes
5476,no
5477,no
5478,no
5479,yes
5480,no
5481,yes
5482,no
5483,yes
5484,yes
5485,no
5486,yes
5487,no
5488,no
5489,yes
5490,yes
5491,no
5492,yes
5493,no
5494,no
5495,no
5496,no
5497,no
5498,no
5499,no
5500,no
5501,no
5502,yes
5503,yes
5504,no
5505,no
5506,no
5507,no
5508,no
5509,no
5510,no
5511,yes
5512,no
5513,yes
5514,no
5515,no
5516,no
5517,no
5518,no
5519,no
5520,no
5521,no
5522,no
5523,yes
5524,no
5525,yes
5526,no
5527,no
5528,yes
5529,no
5530,yes
5531,no
5532,no
5533,no
5534,no
5535,no
5536,no
5537,no
5538,no
5539,no
5540,no
5541,no
5542,no
5543,no
5544,no
5545,no
5546,no
5547,no
5548,no
5549,no
5550,no
5551,no
5552,yes
5553,yes
5554,no
5555,no
5556,no
5557,no
5558,yes
5559,yes
5560,no
5561,no
5562,no
5563,no
5564,no
5565,no
5566,no
5567,no
5568,no
5569,no
5570,no
5571,yes
5572,no
5573,no
5574,no
5575,no
5576,no
5577,no
5578,no
5579,no
5580,no
5581,yes
5582,no
5583,no
5584,yes
5585,yes
5586,no
5587,no
5588,yes
5589,yes
5590,no
5591,no
5592,no
5593,no
5594,no
5595,yes
5596,no
5597,no
5598,no
5599,yes
5600,no
5601,no
5602,no
5603,yes
5604,no
5605,yes
5606,no
5607,yes
5608,no
5609,yes
5610,no
5611,no
5612,no
5613,no
5614,no
5615,yes
5616,no
5617,no
5618,no
5619,no
5620,no
5621,no
5622,yes
5623,no
5624,no
5625,no
5626,no
5627,yes
5628,no
5629,no
5630,yes
5631,yes
5632,no
5633,no
5634,yes
5635,yes
5636,no
5637,no
5638,yes
5639,no
5640,no
5641,yes
5642,yes
5643,no
5644,no
5645,no
5646,no
5647,no
5648,no
5649,no
5650,yes
5651,no
5652,yes
5653,no
5654,no
5655,no
5656,no
5657,yes
5658,no
5659,no
5660,no
5661,no
5662,no
5663,no
5664,no
5665,no
5666,yes
5667,no
5668,yes
5669,yes
5670,yes
5671,no
5672,no
5673,no
5674,yes
5675,yes
5676,yes
5677,yes
5678,no
5679,yes
5680,yes
5681,no
5682,no
5683,no
5684,yes
5685,yes
5686,no
5687,no
5688,no
5689,no
5690,no
5691,no
5692,yes
5693,yes
5694,no
5695,no
5696,yes
5697,no
5698,no
5699,yes
5700,no
5701,no
5702,no
5703,no
5704,no
5705,no
5706,no
5707,no
5708,no
5709,no
5710,no
5711,yes
5712,no
5713,no
5714,no
5715,no
5716,no
5717,no
5718,no
5719,no
5720,no
5721,yes
5722,no
5723,no
5724,yes
5725,no
5726,yes
5727,no
5728,no
5729,no
5730,no
5731,no
5732,no
5733,yes
5734,no
5735,no
5736,yes
5737,no
5738,no
5739,yes
5740,no
5741,no
5742,yes
5743,no
5744,no
5745,no
5746,no
5747,yes
5748,no
5749,no
5750,no
5751,no
5752,no
5753,no
5754,yes
5755,no
5756,no
5757,no
5758,yes
5759,no
5760,no
5761,no
5762,yes
5763,yes
5764,no
5765,no
5766,yes
5767,no
5768,no
5769,no
5770,no
5771,no
5772,no
5773,no
5774,no
5775,yes
5776,no
5777,no
5778,yes
5779,no
5780,no
5781,no
5782,no
5783,no
5784,no
5785,no
5786,no
5787,no
5788,no
5789,no
5790,no
5791,no
5792,no
5793,no
5794,yes
5795,no
5796,no
5797,yes
5798,yes
5799,no
5800,no
5801,no
5802,no
5803,no
5804,no
5805,no
5806,no
5807,no
5808,no
5809,no
5810,no
5811,no
5812,no
5813,no
5814,yes
5815,no
5816,no
5817,no
5818,no
5819,no
5820,no
5821,yes
5822,no
5823,no
5824,no
5825,no
5826,no
5827,no
5828,yes
5829,no
5830,yes
5831,no
5832,no
5833,no
5834,yes
5835,no
5836,no
5837,no
5838,no
5839,yes
5840,no
5841,no
5842,no
5843,no
5844,no
5845,no
5846,yes
5847,no
5848,no
5849,no
5850,yes
5851,no
5852,yes
5853,no
5854,no
5855,no
5856,no
5857,no
5858,yes
5859,no
5860,no
5861,no
5862,no
5863,yes
5864,no
5865,no
5866,yes
5867,no
5868,no
5869,no
5870,yes
5871,no
5872,no
5873,no
5874,no
5875,yes
5876,no
5877,no
5878,no
5879,no
5880,no
5881,no
5882,yes
5883,no
5884,no
5885,yes
5886,no
5887,no
5888,no
5889,no
5890,no
5891,yes
5892,yes
5893,yes
5894,no
5895,yes
5896,no
5897,no
5898,yes
5899,no
5900,no
5901,yes
5902,no
5903,no
5904,yes
5905,yes
5906,no
5907,no
5908,yes
5909,no
5910,no
5911,no
5912,yes
5913,yes
5914,no
5915,no
5916,no
5917,yes
5918,no
5919,no
5920,yes
5921,yes
5922,yes
5923,no
5924,no
5925,yes
5926,no
5927,no
5928,no
5929,yes
5930,no
5931,no
5932,no
5933,no
5934,no
5935,no
5936,no
5937,no
5938,no
5939,no
5940,no
5941,no
5942,no
5943,yes
5944,no
5945,no
5946,no
5947,yes
5948,no
5949,no
5950,yes
5951,yes
5952,no
5953,yes
5954,no
5955,no
5956,no
5957,no
5958,no
5959,no
5960,yes
5961,no
5962,no
5963,no
5964,no
5965,no
5966,no
5967,no
5968,no
5969,no
5970,no
5971,no
5972,no
5973,yes
5974,no
5975,no
5976,yes
5977,no
5978,no
5979,no
5980,no
5981,yes
5982,no
5983,no
5984,yes
5985,no
5986,no
5987,no
5988,no
5989,no
5990,no
5991,no
5992,yes
5993,no
5994,no
5995,no
5996,no
5997,no
5998,yes
5999,yes
6000,no
6001,no
6002,yes
6003,yes
6004,no
6005,yes
6006,no
6007,no
6008,no
6009,no
6010,no
6011,no
6012,no
6013,no
6014,no
6015,no
6016,no
6017,no
6018,no
6019,yes
6020,no
6021,no
6022,no
6023,no
6024,yes
6025,no
6026,no
6027,no
6028,no
6029,no
6030,yes
6031,yes
6032,no
6033,no
6034,no
6035,no
6036,yes
6037,no
6038,yes
6039,no
6040,no
6041,no
6042,yes
6043,no
6044,yes
6045,yes
6046,no
6047,no
6048,no
6049,no
6050,yes
6051,no
6052,yes
6053,no
6054,yes
6055,no
6056,no
6057,no
6058,no
6059,no
6060,no
6061,no
6062,no
6063,no
6064,yes
6065,yes
6066,no
6067,no
6068,no
6069,no
6070,no
6071,no
6072,yes
6073,yes
6074,no
6075,yes
6076,no
6077,no
6078,yes
6079,yes
6080,no
6081,no
6082,no
6083,no
6084,no
6085,yes
6086,no
6087,no
6088,no
6089,no
6090,yes
6091,no
6092,yes
6093,no
6094,no
6095,no
6096,yes
6097,yes
6098,no
6099,no
6100,yes
6101,no
6102,yes
6103,no
6104,no
6105,yes
6106,no
6107,yes
6108,no
6109,no
6110,yes
6111,yes
6112,no
6113,yes
6114,no
6115,no
6116,no
6117,no
6118,no
6119,no
6120,no
6121,no
6122,no
6123,yes
6124,yes
6125,no
6126,yes
6127,no
6128,no
6129,no
6130,no
6131,no
6132,no
6133,yes
6134,yes
6135,no
6136,yes
6137,yes
6138,no
6139,no
6140,no
6141,no
6142,no
6143,no
6144,no
6145,no
6146,yes
6147,no
6148,no
6149,no
6150,yes
6151,no
6152,no
6153,no
6154,no
6155,no
6156,yes
6157,no
6158,yes
6159,no
6160,no
6161,no
6162,no
6163,no
6164,no
6165,no
6166,yes
6167,yes
6168,no
6169,yes
6170,no
6171,yes
6172,yes
6173,no
6174,no
6175,no
6176,no
6177,no
6178,no
6179,no
6180,yes
6181,no
6182,no
6183,no
6184,no
6185,no
6186,yes
6187,no
6188,no
6189,no
6190,yes
6191,no
6192,no
6193,yes
6194,no
6195,no
6196,no
6197,no
6198,no
6199,yes
6200,no
6201,no
6202,no
6203,no
6204,no
6205,no
6206,no
6207,no
6208,no
6209,no
6210,no
6211,no
6212,yes
6213,yes
6214,yes
6215,yes
6216,no
6217,no
6218,no
6219,no
6220,yes
6221,no
6222,no
6223,no
6224,yes
6225,no
6226,no
6227,no
6228,no
6229,no
6230,no
6231,no
6232,yes
6233,no
6234,no
6235,yes
6236,no
6237,no
6238,no
6239,no
6240,no
6241,yes
6242,no
6243,yes
6244,no
6245,yes
6246,no
6247,no
6248,no
6249,no
6250,yes
6251,no
6252,no
6253,no
6254,no
6255,yes
6256,no
6257,yes
6258,no
6259,yes
6260,no
6261,no
6262,no
6263,no
6264,no
6265,no
6266,no
6267,no
6268,no
6269,yes
6270,no
6271,no
6272,no
6273,no
6274,no
6275,no
6276,no
6277,yes
6278,yes
6279,no
6280,no
6281,no
6282,yes
6283,yes
6284,no
6285,no
6286,no
6287,no
6288,no
6289,no
6290,yes
6291,no
6292,no
6293,yes
6294,no
6295,no
6296,no
6297,no
6298,no
6299,no
6300,no
6301,no
6302,no
6303,no
6304,no
6305,no
6306,no
6307,no
6308,no
6309,yes
6310,no
6311,no
6312,no
6313,no
6314,no
6315,no
6316,no
6317,no
6318,no
6319,no
6320,no
6321,no
6322,no
6323,no
6324,no
6325,yes
6326,no
6327,no
6328,no
6329,yes
6330,no
6331,no
6332,no
6333,no
6334,no
6335,no
6336,no
6337,yes
6338,no
6339,no
6340,yes
6341,no
6342,no
6343,no
6344,yes
6345,no
6346,no
6347,no
6348,yes
6349,no
6350,no
6351,no
6352,no
6353,no
6354,no
6355,no
6356,no
6357,no
6358,no
6359,no
6360,no
6361,no
6362,no
6363,yes
6364,no
6365,no
6366,no
6367,no
6368,no
6369,no
6370,no
6371,no
6372,no
6373,yes
6374,no
6375,yes
6376,no
6377,no
6378,yes
6379,no
6380,no
6381,no
6382,no
6383,no
6384,yes
6385,no
6386,no
6387,no
6388,no
6389,yes
6390,no
6391,no
6392,no
6393,no
6394,no
6395,yes
6396,yes
6397,no
6398,no
6399,yes
6400,yes
6401,no
6402,yes
6403,no
6404,no
6405,no
6406,yes
6407,yes
6408,yes
6409,no
6410,no
6411,no
6412,no
6413,no
6414,no
6415,no
6416,no
6417,yes
6418,no
6419,no
6420,no
6421,no
6422,no
6423,no
6424,yes
6425,no
6426,yes
6427,yes
6428,no
6429,no
6430,no
6431,no
6432,yes
6433,no
6434,no
6435,yes
6436,no
6437,no
6438,yes
6439,yes
6440,yes
6441,no
6442,no
6443,no
6444,no
6445,no
6446,no
6447,yes
6448,no
6449,yes
6450,no
6451,no
6452,no
6453,no
6454,no
6455,no
6456,no
6457,no
6458,no
6459,no
6460,yes
6461,no
6462,no
6463,yes
6464,no
6465,no
6466,no
6467,no
6468,no
6469,yes
6470,no
6471,yes
6472,yes
6473,no
6474,no
6475,no
6476,yes
6477,no
6478,no
6479,no
6480,no
6481,no
6482,yes
6483,yes
6484,no
6485,yes
6486,yes
6487,yes
6488,yes
6489,no
6490,no
6491,no
6492,no
6493,yes
6494,no
6495,no
6496,no
6497,no
6498,no
6499,no
6500,no
6501,no
6502,no
6503,no
6504,no
6505,no
6506,no
6507,no
6508,yes
6509,yes
6510,no
6511,no
6512,yes
6513,yes
6514,no
6515,no
6516,no
6517,no
6518,no
6519,no
6520,no
6521,no
6522,yes
6523,no
6524,no
6525,no
6526,no
6527,yes
6528,no
6529,no
6530,yes
6531,no
6532,no
6533,no
6534,no
6535,no
6536,no
6537,yes
6538,no
6539,no
6540,no
6541,no
6542,no
6543,yes
6544,yes
6545,yes
6546,no
6547,no
6548,no
6549,no
6550,no
6551,no
6552,no
6553,no
6554,no
6555,yes
6556,no
6557,no
6558,no
6559,no
6560,no
6561,no
6562,no
6563,no
6564,no
6565,no
6566,yes
6567,no
6568,no
6569,no
6570,no
6571,no
6572,yes
6573,no
6574,no
6575,no
6576,no
6577,no
6578,no
6579,no
6580,no
6581,no
6582,no
6583,no
6584,yes
6585,no
6586,no
6587,no
6588,no
6589,yes
6590,yes
6591,no
6592,yes
6593,no
6594,no
6595,no
6596,no
6597,no
6598,no
6599,yes
6600,no
6601,no
6602,yes
6603,no
6604,no
6605,no
6606,no
6607,yes
6608,no
6609,no
6610,yes
6611,no
6612,yes
6613,no
6614,no
6615,no
6616,no
6617,yes
6618,no
6619,no
6620,no
6621,no
6622,no
6623,no
6624,yes
6625,yes
6626,no
6627,yes
6628,yes
6629,no
6630,no
6631,no
6632,no
6633,no
6634,no
6635,no
6636,no
6637,no
6638,no
6639,no
6640,yes
6641,yes
6642,no
6643,no
6644,yes
6645,no
6646,no
6647,no
6648,yes
6649,yes
6650,yes
6651,no
6652,no
6653,no
6654,no
6655,no
6656,no
6657,no
6658,no
6659,no
6660,yes
6661,no
6662,no
6663,no
6664,no
6665,yes
6666,no
6667,yes
6668,no
6669,yes
6670,no
6671,no
6672,no
6673,no
6674,no
6675,no
6676,yes
6677,no
6678,yes
6679,no
6680,no
6681,yes
6682,no
6683,no
6684,no
6685,yes
6686,no
6687,no
6688,no
6689,no
6690,no
6691,no
6692,yes
6693,no
6694,yes
6695,no
6696,no
6697,yes
6698,yes
6699,no
6700,yes
6701,no
6702,no
6703,yes
6704,no
6705,no
6706,no
6707,yes
6708,no
6709,no
6710,no
6711,no
6712,no
6713,no
6714,no
6715,no
6716,no
6717,no
6718,no
6719,yes
6720,yes
6721,yes
6722,yes
6723,no
6724,no
6725,no
6726,no
6727,no
6728,yes
6729,no
6730,no
6731,yes
6732,no
6733,no
6734,no
6735,yes
6736,yes
6737,no
6738,no
6739,yes
6740,no
6741,no
6742,no
6743,yes
6744,no
6745,no
6746,yes
6747,no
6748,no
6749,no
6750,no
6751,no
6752,no
6753,yes
6754,no
6755,no
6756,yes
6757,yes
6758,yes
6759,yes
6760,yes
6761,no
6762,no
6763,yes
6764,no
6765,no
6766,yes
6767,no
6768,no
6769,no
6770,no
6771,no
6772,yes
6773,no
6774,no
6775,no
6776,no
6777,no
6778,no
6779,no
6780,no
6781,no
6782,yes
6783,no
6784,no
6785,no
6786,no
6787,no
6788,no
6789,no
6790,yes
6791,no
6792,no
6793,no
6794,no
6795,no
6796,no
6797,yes
6798,yes
6799,no
6800,no
6801,yes
6802,yes
6803,no
6804,no
6805,no
6806,no
6807,yes
6808,no
6809,no
6810,no
6811,no
6812,yes
6813,no
6814,no
6815,no
6816,no
6817,no
6818,no
6819,yes
6820,no
6821,no
6822,no
6823,no
6824,no
6825,yes
6826,no
6827,no
6828,no
6829,no
6830,no
6831,yes
6832,no
6833,yes
6834,no
6835,no
6836,no
6837,no
6838,yes
6839,no
6840,no
6841,no
6842,no
6843,no
6844,yes
6845,no
6846,no
6847,yes
6848,no
6849,no
6850,yes
6851,no
6852,yes
6853,no
6854,yes
6855,no
6856,no
6857,no
6858,no
6859,yes
6860,no
6861,no
6862,yes
6863,no
6864,no
6865,no
6866,yes
6867,no
6868,no
6869,yes
6870,no
6871,no
6872,no
6873,no
6874,no
6875,yes
6876,no
6877,no
6878,no
6879,yes
6880,yes
6881,no
6882,yes
6883,no
6884,no
6885,yes
6886,no
6887,no
6888,no
6889,no
6890,no
6891,yes
6892,no
6893,no
6894,no
6895,no
6896,yes
6897,yes
6898,no
6899,no
6900,no
6901,no
6902,no
6903,no
6904,yes
6905,no
6906,no
6907,yes
6908,no
6909,no
6910,no
6911,no
6912,no
6913,no
6914,yes
6915,no
6916,no
6917,yes
6918,yes
6919,no
6920,no
6921,no
6922,no
6923,no
6924,no
6925,no
6926,no
6927,no
6928,no
6929,no
6930,yes
6931,no
6932,no
6933,yes
6934,no
6935,no
6936,no
6937,yes
6938,yes
6939,no
6940,no
6941,no
6942,no
6943,no
6944,no
6945,no
6946,no
6947,no
6948,no
6949,yes
6950,no
6951,yes
6952,no
6953,no
6954,yes
6955,yes
6956,no
6957,no
6958,no
6959,no
6960,no
6961,no
6962,no
6963,yes
6964,no
6965,no
6966,yes
6967,no
6968,no
6969,no
6970,no
6971,yes
6972,no
6973,yes
6974,no
6975,no
6976,yes
6977,no
6978,yes
6979,no
6980,no
6981,no
6982,no
6983,no
6984,yes
6985,no
6986,no
6987,no
6988,no
6989,no
6990,no
6991,no
6992,no
6993,yes
6994,no
6995,no
6996,yes
6997,no
6998,no
6999,no
7000,no
7001,no
7002,yes
7003,yes
7004,no
7005,no
7006,no
7007,no
7008,no
7009,no
7010,no
7011,yes
7012,yes
7013,yes
7014,no
7015,no
7016,no
7017,no
7018,no
7019,yes
7020,no
7021,yes
7022,yes
7023,yes
7024,no
7025,yes
7026,no
7027,no
7028,no
7029,no
7030,yes
7031,no
7032,no
7033,no
7034,no
7035,no
7036,yes
7037,no
7038,yes
7039,no
7040,no
7041,yes
7042,no
7043,no
7044,no
7045,yes
7046,no
7047,no
7048,no
7049,yes
7050,no
7051,no
7052,no
7053,no
7054,no
7055,yes
7056,yes
7057,no
7058,yes
7059,no
7060,no
7061,yes
7062,yes
7063,yes
7064,no
7065,yes
7066,no
7067,yes
7068,no
7069,no
7070,yes
7071,yes
7072,yes
7073,no
7074,no
7075,yes
7076,no
7077,no
7078,no
7079,no
7080,no
7081,no
7082,yes
7083,no
7084,no
7085,no
7086,no
7087,no
7088,yes
7089,no
7090,no
7091,no
7092,no
7093,no
7094,no
7095,no
7096,yes
7097,no
7098,yes
7099,yes
7100,yes
7101,yes
7102,yes
7103,no
7104,no
7105,no
7106,no
7107,yes
7108,no
7109,yes
7110,no
7111,no
7112,no
7113,yes
7114,yes
7115,no
7116,no
7117,no
7118,no
7119,yes
7120,yes
7121,no
7122,no
7123,yes
7124,no
7125,no
7126,yes
7127,no
7128,yes
7129,no
7130,no
7131,no
7132,no
7133,no
7134,no
7135,no
7136,no
7137,no
7138,no
7139,no
7140,no
7141,no
7142,no
7143,yes
7144,no
7145,no
7146,yes
7147,no
7148,no
7149,no
7150,no
7151,no
7152,yes
7153,yes
7154,no
7155,no
7156,no
7157,no
7158,yes
7159,no
7160,no
7161,no
7162,yes
7163,yes
7164,no
7165,no
7166,yes
7167,no
7168,no
7169,no
7170,no
7171,yes
7172,no
7173,no
7174,no
7175,no
7176,no
7177,no
7178,no
7179,no
7180,yes
7181,no
7182,yes
7183,no
7184,no
7185,no
7186,no
7187,no
7188,no
7189,no
7190,no
7191,no
7192,no
7193,yes
7194,no
7195,no
7196,no
7197,no
7198,no
7199,yes
7200,yes
7201,yes
7202,no
7203,yes
7204,yes
7205,no
7206,yes
7207,no
7208,yes
7209,no
7210,no
7211,no
7212,no
7213,no
7214,no
7215,no
7216,yes
7217,no
7218,no
7219,yes
7220,no
7221,no
7222,no
7223,no
7224,no
7225,no
7226,no
7227,no
7228,no
7229,yes
7230,no
7231,no
7232,yes
7233,yes
7234,no
7235,no
7236,no
7237,no
7238,no
7239,yes
7240,no
7241,no
7242,no
7243,no
7244,yes
7245,no
7246,no
7247,no
7248,no
7249,yes
7250,yes
7251,no
7252,yes
7253,no
7254,no
7255,no
7256,no
7257,no
7258,no
7259,no
7260,yes
7261,yes
7262,no
7263,no
7264,no
7265,no
7266,no
7267,no
7268,no
7269,no
7270,yes
7271,no
7272,yes
7273,yes
7274,no
7275,no
7276,yes
7277,yes
7278,yes
7279,no
7280,no
7281,no
7282,no
7283,no
7284,no
7285,no
7286,no
7287,no
7288,no
7289,no
7290,no
7291,yes
7292,yes
7293,no
7294,no
7295,no
7296,no
7297,yes
7298,no
7299,no
7300,no
7301,no
7302,no
7303,no
7304,no
7305,no
7306,no
7307,yes
7308,no
7309,no
7310,no
7311,no
7312,no
7313,no
7314,yes
7315,no
7316,no
7317,yes
7318,no
7319,no
7320,yes
7321,no
7322,no
7323,no
7324,no
7325,yes
7326,no
7327,yes
7328,no
7329,yes
7330,no
7331,yes
7332,no
7333,no
7334,no
7335,no
7336,no
7337,no
7338,no
7339,yes
7340,no
7341,no
7342,no
7343,yes
7344,no
7345,no
7346,no
7347,no
7348,no
7349,no
7350,no
7351,no
7352,yes
7353,yes
7354,no
7355,no
7356,yes
7357,no
7358,no
7359,no
7360,no
7361,no
7362,yes
7363,no
7364,no
7365,yes
7366,no
7367,no
7368,no
7369,yes
7370,no
7371,no
7372,no
7373,no
7374,no
7375,yes
7376,yes
7377,no
7378,no
7379,no
7380,no
7381,no
7382,yes
7383,yes
7384,no
7385,no
7386,yes
7387,yes
7388,no
7389,no
7390,no
7391,no
7392,no
7393,no
7394,no
7395,yes
7396,no
7397,no
7398,no
7399,no
7400,yes
7401,no
7402,no
7403,no
7404,no
7405,no
7406,yes
7407,no
7408,no
7409,no
7410,yes
7411,yes
7412,no
7413,no
7414,no
7415,no
7416,no
7417,yes
7418,no
7419,yes
7420,no
7421,yes
7422,no
7423,no
7424,no
7425,no
7426,no
7427,no
7428,yes
7429,yes
7430,no
7431,no
7432,no
7433,no
7434,no
7435,no
7436,no
7437,no
7438,no
7439,no
7440,yes
7441,no
7442,yes
7443,no
7444,yes
7445,no
7446,no
7447,yes
7448,no
7449,yes
7450,no
7451,yes
7452,no
7453,no
7454,no
7455,yes
7456,no
7457,yes
7458,no
7459,no
7460,no
7461,no
7462,no
7463,no
7464,no
7465,no
7466,no
7467,no
7468,no
7469,no
7470,no
7471,no
7472,no
7473,no
7474,no
7475,no
7476,yes
7477,no
7478,no
7479,yes
7480,no
7481,no
7482,no
7483,no
7484,yes
7485,no
7486,no
7487,no
7488,no
7489,yes
7490,no
7491,no
7492,no
7493,no
7494,no
7495,no
7496,no
7497,no
7498,no
7499,no
7500,no
7501,no
7502,no
7503,no
7504,no
7505,no
7506,no
7507,no
7508,no
7509,no
7510,yes
7511,no
7512,no
7513,no
7514,no
7515,no
7516,no
7517,no
7518,no
7519,no
7520,yes
7521,no
7522,no
7523,yes
7524,no
7525,no
7526,no
7527,no
7528,yes
7529,no
7530,no
7531,no
7532,no
7533,yes
7534,yes
7535,no
7536,no
7537,no
7538,no
7539,no
7540,no
7541,no
7542,no
7543,no
7544,no
7545,no
7546,no
7547,no
7548,no
7549,no
7550,yes
7551,no
7552,no
7553,yes
7554,no
7555,yes
7556,yes
7557,no
7558,no
7559,no
7560,no
7561,no
7562,no
7563,no
7564,no
7565,no
7566,no
7567,no
7568,no
7569,no
7570,no
7571,no
7572,no
7573,no
7574,yes
7575,yes
7576,yes
7577,no
7578,no
7579,no
7580,no
7581,no
7582,yes
7583,no
7584,no
7585,no
7586,yes
7587,yes
7588,no
7589,no
7590,no
7591,no
7592,yes
7593,no
7594,yes
7595,no
7596,yes
7597,no
7598,yes
7599,yes
7600,yes
7601,yes
7602,no
7603,no
7604,no
7605,no
7606,no
7607,no
7608,no
7609,no
7610,no
7611,no
7612,no
7613,no
7614,no
7615,yes
7616,no
7617,no
7618,no
7619,no
7620,no
7621,no
7622,yes
7623,no
7624,no
7625,no
7626,no
7627,no
7628,yes
7629,no
7630,no
7631,no
7632,yes
7633,no
7634,no
7635,no
7636,no
7637,yes
7638,no
7639,yes
7640,yes
7641,no
7642,no
7643,no
7644,yes
7645,no
7646,no
7647,no
7648,yes
7649,no
7650,yes
7651,no
7652,no
7653,no
7654,no
7655,yes
7656,no
7657,yes
7658,no
7659,no
7660,no
7661,no
7662,no
7663,no
7664,no
7665,no
7666,no
7667,yes
7668,no
7669,no
7670,no
7671,yes
7672,no
7673,no
7674,yes
7675,no
7676,no
7677,no
7678,no
7679,no
7680,yes
7681,no
7682,no
7683,no
7684,no
7685,no
7686,no
7687,no
7688,no
7689,yes
7690,no
7691,no
7692,yes
7693,yes
7694,yes
7695,no
7696,yes
7697,yes
7698,no
7699,no
7700,no
7701,yes
7702,no
7703,no
7704,no
7705,no
7706,no
7707,yes
7708,yes
7709,yes
7710,no
7711,no
7712,no
7713,yes
7714,yes
7715,yes
7716,no
7717,no
7718,no
7719,no
7720,no
7721,yes
7722,no
7723,no
7724,yes
7725,yes
7726,yes
7727,yes
7728,yes
7729,no
7730,yes
7731,yes
7732,no
7733,no
7734,no
7735,yes
7736,yes
7737,no
7738,no
7739,no
7740,yes
7741,no
7742,no
7743,yes
7744,no
7745,yes
7746,yes
7747,no
7748,no
7749,yes
7750,no
7751,no
7752,no
7753,no
7754,no
7755,yes
7756,no
7757,no
7758,no
7759,no
7760,no
7761,yes
7762,no
7763,no
7764,no
7765,no
7766,no
7767,yes
7768,no
7769,no
7770,no
7771,yes
7772,no
7773,no
7774,no
7775,no
7776,yes
7777,no
7778,no
7779,yes
7780,no
7781,no
7782,no
7783,no
7784,yes
7785,no
7786,no
7787,no
7788,no
7789,yes
7790,no
7791,no
7792,no
7793,no
7794,no
7795,no
7796,no
7797,yes
7798,no
7799,no
7800,yes
7801,no
7802,yes
7803,no
7804,no
7805,no
7806,yes
7807,no
7808,no
7809,yes
7810,no
7811,no
7812,yes
7813,no
7814,yes
7815,no
7816,no
7817,no
7818,no
7819,no
7820,no
7821,no
7822,no
7823,no
7824,no
7825,no
7826,no
7827,no
7828,no
7829,no
7830,no
7831,yes
7832,yes
7833,no
7834,no
7835,yes
7836,no
7837,no
7838,no
7839,yes
7840,no
7841,no
7842,no
7843,no
7844,no
7845,yes
7846,no
7847,no
7848,no
7849,no
7850,no
7851,no
7852,yes
7853,yes
7854,no
7855,no
7856,yes
7857,no
7858,no
7859,no
7860,no
7861,no
7862,yes
7863,no
7864,yes
7865,no
7866,no
7867,no
7868,no
7869,no
7870,no
7871,yes
7872,yes
7873,no
7874,yes
7875,no
7876,yes
7877,no
7878,no
7879,no
7880,no
7881,no
7882,no
7883,no
7884,no
7885,no
7886,no
7887,no
7888,no
7889,no
7890,no
7891,yes
7892,yes
7893,no
7894,no
7895,yes
7896,no
7897,no
7898,no
7899,no
7900,yes
7901,no
7902,yes
7903,no
7904,no
7905,no
7906,yes
7907,no
7908,no
7909,no
7910,no
7911,no
7912,no
7913,no
7914,no
7915,no
7916,no
7917,no
7918,yes
7919,yes
7920,no
7921,no
7922,no
7923,no
7924,no
7925,no
7926,no
7927,no
7928,no
7929,no
7930,no
7931,no
7932,no
7933,no
7934,no
7935,yes
7936,no
7937,yes
7938,no
7939,no
7940,no
7941,no
7942,no
7943,no
7944,no
7945,no
7946,no
7947,yes
7948,yes
7949,no
7950,no
7951,no
7952,no
7953,no
7954,no
7955,no
7956,no
7957,no
7958,no
7959,yes
7960,no
7961,no
7962,no
7963,no
7964,no
7965,no
7966,no
7967,yes
7968,no
7969,no
7970,yes
7971,yes
7972,yes
7973,yes
7974,no
7975,no
7976,no
7977,yes
7978,yes
7979,no
7980,no
7981,no
7982,no
7983,no
7984,no
7985,no
7986,no
7987,no
7988,no
7989,no
7990,no
7991,no
7992,yes
7993,yes
7994,no
7995,no
7996,yes
7997,no
7998,no
7999,no
8000,yes
8001,no
8002,no
8003,no
8004,no
8005,yes
8006,no
8007,no
8008,no
8009,no
8010,no
8011,no
8012,no
8013,no
8014,yes
8015,yes
8016,yes
8017,no
8018,no
8019,no
8020,no
8021,no
8022,no
8023,yes
8024,no
8025,no
8026,no
8027,yes
8028,no
8029,no
8030,no
8031,no
8032,no
8033,yes
8034,no
8035,yes
8036,yes
8037,no
8038,no
8039,no
8040,no
8041,no
8042,yes
8043,no
8044,no
8045,yes
8046,no
8047,no
8048,no
8049,no
8050,no
8051,no
8052,no
8053,no
8054,no
8055,no
8056,yes
8057,no
8058,no
8059,no
8060,yes
8061,no
8062,no
8063,yes
8064,no
8065,no
8066,no
8067,no
8068,yes
8069,no
8070,no
8071,no
8072,no
8073,no
8074,yes
8075,yes
8076,no
8077,no
8078,no
8079,yes
8080,yes
8081,yes
8082,yes
8083,yes
8084,no
8085,no
8086,no
8087,yes
8088,no
8089,no
8090,no
8091,no
8092,no
8093,no
8094,yes
8095,no
8096,no
8097,no
8098,no
8099,no
8100,no
8101,no
8102,yes
8103,no
8104,yes
8105,no
8106,no
8107,yes
8108,yes
8109,yes
8110,no
8111,no
8112,yes
8113,yes
8114,no
8115,no
8116,no
8117,no
8118,no
8119,no
8120,no
8121,no
8122,no
8123,no
8124,no
8125,no
8126,no
8127,no
8128,yes
8129,no
8130,yes
8131,no
8132,no
8133,yes
8134,no
8135,no
8136,no
8137,yes
8138,no
8139,no
8140,no
8141,no
8142,yes
8143,no
8144,no
8145,no
8146,no
8147,yes
8148,no
8149,no
8150,no
8151,no
8152,yes
8153,no
8154,no
8155,yes
8156,yes
8157,no
8158,no
8159,no
8160,no
8161,yes
8162,no
8163,yes
8164,yes
8165,yes
8166,no
8167,yes
8168,yes
8169,yes
8170,yes
8171,no
8172,no
8173,no
8174,no
8175,yes
8176,no
8177,yes
8178,yes
8179,no
8180,no
8181,no
8182,no
8183,no
8184,yes
8185,no
8186,no
8187,no
8188,no
8189,no
8190,no
8191,no
8192,no
8193,no
8194,no
8195,no
8196,no
8197,no
8198,no
8199,yes
8200,no
8201,yes
8202,yes
8203,yes
8204,no
8205,yes
8206,no
8207,no
8208,no
8209,no
8210,yes
8211,no
8212,no
8213,no
8214,no
8215,yes
8216,no
8217,yes
8218,no
8219,yes
8220,no
8221,yes
8222,no
8223,no
8224,no
8225,no
8226,no
8227,yes
8228,no
8229,no
8230,no
8231,yes
8232,no
8233,yes
8234,no
8235,no
8236,no
8237,yes
8238,no
8239,no
8240,no
8241,no
8242,yes
8243,no
8244,no
8245,yes
8246,no
8247,no
8248,no
8249,yes
8250,yes
8251,no
8252,yes
8253,yes
8254,no
8255,no
8256,no
8257,no
8258,no
8259,no
8260,yes
8261,no
8262,no
8263,no
8264,no
8265,no
8266,no
8267,no
8268,no
8269,no
8270,yes
8271,yes
8272,yes
8273,no
8274,no
8275,yes
8276,yes
8277,no
8278,no
8279,no
8280,no
8281,yes
8282,no
8283,no
8284,no
8285,no
8286,no
8287,no
8288,no
8289,no
8290,no
8291,no
8292,yes
8293,no
8294,no
8295,no
8296,no
8297,no
8298,no
8299,no
8300,yes
8301,yes
8302,no
8303,yes
8304,yes
8305,no
8306,yes
8307,yes
8308,no
8309,no
8310,no
8311,no
8312,yes
8313,yes
8314,yes
8315,yes
8316,no
8317,no
8318,yes
8319,no
8320,no
8321,no
8322,no
8323,no
8324,no
8325,no
8326,no
8327,no
8328,no
8329,no
8330,no
8331,no
8332,yes
8333,no
8334,no
8335,yes
8336,no
8337,no
8338,no
8339,yes
8340,no
8341,no
8342,no
8343,no
8344,yes
8345,no
8346,no
8347,no
8348,no
8349,no
8350,no
8351,yes
8352,no
8353,yes
8354,yes
8355,no
8356,no
8357,yes
8358,no
8359,no
8360,no
8361,no
8362,yes
8363,no
8364,yes
8365,yes
8366,no
8367,no
8368,no
8369,no
8370,no
8371,yes
8372,no
8373,no
8374,no
8375,no
8376,no
8377,no
8378,yes
8379,no
8380,yes
8381,no
8382,no
8383,no
8384,no
8385,no
8386,no
8387,no
8388,no
8389,no
8390,no
8391,no
8392,no
8393,no
8394,no
8395,no
8396,yes
8397,no
8398,no
8399,no
8400,no
8401,no
8402,no
8403,no
8404,no
8405,no
8406,yes
8407,yes
8408,yes
8409,no
8410,no
8411,no
8412,no
8413,no
8414,yes
8415,no
8416,yes
8417,no
8418,yes
8419,no
8420,no
8421,no
8422,no
8423,no
8424,no
8425,no
8426,no
8427,no
8428,no
8429,no
8430,no
8431,no
8432,no
8433,no
8434,no
8435,no
8436,yes
8437,no
8438,no
8439,yes
8440,no
8441,no
8442,yes
8443,no
8444,no
8445,no
8446,no
8447,no
8448,no
8449,no
8450,no
8451,no
8452,yes
8453,no
8454,yes
8455,no
8456,no
8457,yes
8458,yes
8459,no
8460,no
8461,no
8462,no
8463,no
8464,no
8465,yes
8466,no
8467,no
8468,no
8469,yes
8470,no
8471,no
8472,no
8473,no
8474,no
8475,no
8476,no
8477,no
8478,no
8479,no
8480,no
8481,no
8482,no
8483,yes
8484,no
8485,no
8486,no
8487,yes
8488,yes
8489,no
8490,no
8491,yes
8492,no
8493,no
8494,yes
8495,no
8496,no
8497,no
8498,yes
8499,no
8500,yes
8501,no
8502,no
8503,no
8504,no
8505,no
8506,no
8507,yes
8508,no
8509,yes
8510,no
8511,no
8512,yes
8513,no
8514,no
8515,yes
8516,no
8517,no
8518,no
8519,no
8520,no
8521,yes
8522,yes
8523,no
8524,no
8525,yes
8526,no
8527,no
8528,no
8529,yes
8530,yes
8531,no
8532,yes
8533,no
8534,yes
8535,no
8536,no
8537,no
8538,no
8539,no
8540,no
8541,no
8542,no
8543,no
8544,no
8545,no
8546,no
8547,no
8548,no
8549,no
8550,no
8551,yes
8552,no
8553,no
8554,no
8555,yes
8556,no
8557,yes
8558,no
8559,yes
8560,no
8561,no
8562,no
8563,yes
8564,no
8565,no
8566,no
8567,no
8568,yes
8569,yes
8570,yes
8571,no
8572,no
8573,yes
8574,no
8575,no
8576,no
8577,yes
8578,no
8579,no
8580,no
8581,yes
8582,no
8583,no
8584,no
8585,yes
8586,no
8587,no
8588,yes
8589,no
8590,yes
8591,no
8592,no
8593,yes
8594,no
8595,yes
8596,yes
8597,no
8598,no
8599,no
8600,no
8601,no
8602,no
8603,no
8604,no
8605,yes
8606,no
8607,no
8608,yes
8609,no
8610,no
8611,no
8612,yes
8613,yes
8614,no
8615,no
8616,no
8617,no
8618,no
8619,yes
8620,no
8621,no
8622,no
8623,yes
8624,no
8625,no
8626,yes
8627,no
8628,no
8629,no
8630,no
8631,no
8632,yes
8633,no
8634,no
8635,no
8636,no
8637,yes
8638,no
8639,yes
8640,yes
8641,no
8642,no
8643,no
8644,no
8645,no
8646,no
8647,no
8648,no
8649,no
8650,no
8651,no
8652,no
8653,no
8654,yes
8655,no
8656,no
8657,yes
8658,yes
8659,no
8660,yes
8661,no
8662,yes
8663,yes
8664,yes
8665,no
8666,yes
8667,no
8668,no
8669,no
8670,yes
8671,yes
8672,no
8673,no
8674,yes
8675,no
8676,no
8677,no
8678,no
8679,no
8680,yes
8681,no
8682,no
8683,no
8684,no
8685,yes
8686,no
8687,no
8688,no
8689,no
8690,no
8691,no
8692,no
8693,no
8694,no
8695,no
8696,no
8697,no
8698,yes
8699,no
8700,no
8701,no
8702,no
8703,yes
8704,yes
8705,yes
8706,no
8707,no
8708,no
8709,no
8710,no
8711,yes
8712,no
8713,no
8714,no
8715,no
8716,no
8717,no
8718,no
8719,no
8720,no
8721,no
8722,yes
8723,no
8724,yes
8725,no
8726,no
8727,no
8728,no
8729,no
8730,no
8731,yes
8732,no
8733,no
8734,no
8735,no
8736,no
8737,no
8738,yes
8739,no
8740,no
8741,no
8742,no
8743,no
8744,no
8745,no
8746,no
8747,yes
8748,no
8749,yes
8750,yes
8751,no
8752,no
8753,yes
8754,yes
8755,no
8756,no
8757,yes
8758,yes
8759,no
8760,no
8761,yes
8762,yes
8763,yes
8764,yes
8765,no
8766,no
8767,no
8768,yes
8769,no
8770,no
8771,no
8772,yes
8773,no
8774,yes
8775,no
8776,no
8777,no
8778,no
8779,no
8780,yes
8781,no
8782,no
8783,no
8784,no
8785,yes
8786,no
8787,yes
8788,no
8789,no
8790,no
8791,no
8792,no
8793,no
8794,yes
8795,no
8796,no
8797,no
8798,yes
8799,yes
8800,no
8801,no
8802,no
8803,no
8804,no
8805,no
8806,no
8807,yes
8808,no
8809,yes
8810,yes
8811,yes
8812,no
8813,no
8814,no
8815,yes
8816,no
8817,yes
8818,no
8819,no
8820,yes
8821,no
8822,yes
8823,yes
8824,yes
8825,no
8826,yes
8827,no
8828,no
8829,no
8830,no
8831,no
8832,yes
8833,no
8834,no
8835,yes
8836,yes
8837,yes
8838,no
8839,yes
8840,yes
8841,no
8842,yes
8843,no
8844,no
8845,no
8846,no
8847,no
8848,no
8849,no
8850,yes
8851,no
8852,no
8853,no
8854,no
8855,no
8856,yes
8857,no
8858,no
8859,no
8860,no
8861,yes
8862,no
8863,no
8864,yes
8865,no
8866,yes
8867,no
8868,no
8869,no
8870,no
8871,no
8872,no
8873,yes
8874,yes
8875,no
8876,yes
8877,no
8878,no
8879,yes
8880,no
8881,yes
8882,no
8883,no
8884,no
8885,no
8886,no
8887,yes
8888,no
8889,no
8890,no
8891,no
8892,yes
8893,no
8894,yes
8895,no
8896,no
8897,no
8898,no
8899,no
8900,yes
8901,no
8902,no
8903,yes
8904,no
8905,no
8906,no
8907,no
8908,no
8909,yes
8910,no
8911,no
8912,yes
8913,no
8914,no
8915,no
8916,yes
8917,no
8918,yes
8919,no
8920,yes
8921,no
8922,no
8923,no
8924,no
8925,yes
8926,yes
8927,no
8928,yes
8929,no
8930,no
8931,no
8932,yes
8933,yes
8934,no
8935,no
8936,no
8937,no
8938,no
8939,yes
8940,no
8941,no
8942,no
8943,no
8944,no
8945,no
8946,no
8947,no
8948,no
8949,no
8950,yes
8951,yes
8952,no
8953,no
8954,no
8955,no
8956,no
8957,yes
8958,no
8959,no
8960,no
8961,no
8962,yes
8963,no
8964,yes
8965,no
8966,yes
8967,no
8968,yes
8969,no
8970,yes
8971,no
8972,no
8973,no
8974,no
8975,no
8976,yes
8977,no
8978,no
8979,no
8980,no
8981,no
8982,no
8983,no
8984,no
8985,no
8986,no
8987,no
8988,yes
8989,yes
8990,yes
8991,no
8992,no
8993,no
8994,yes
8995,no
8996,yes
8997,no
8998,no
8999,no
9000,no
9001,no
9002,no
9003,no
9004,no
9005,no
9006,yes
9007,no
9008,no
9009,no
9010,yes
9011,no
9012,yes
9013,no
9014,yes
9015,yes
9016,no
9017,yes
9018,no
9019,no
9020,no
9021,no
9022,no
9023,no
9024,no
9025,yes
9026,no
9027,no
9028,no
9029,no
9030,no
9031,no
9032,no
9033,yes
9034,no
9035,no
9036,no
9037,no
9038,no
9039,no
9040,no
9041,yes
9042,yes
9043,no
9044,no
9045,no
9046,no
9047,no
9048,yes
9049,yes
9050,no
9051,no
9052,no
9053,no
9054,no
9055,no
9056,no
9057,yes
9058,yes
9059,no
9060,no
9061,yes
9062,yes
9063,yes
9064,no
9065,no
9066,yes
9067,no
9068,no
9069,no
9070,no
9071,no
9072,no
9073,yes
9074,no
9075,no
9076,yes
9077,no
9078,no
9079,no
9080,no
9081,no
9082,no
9083,no
9084,no
9085,no
9086,no
9087,no
9088,yes
9089,yes
9090,no
9091,yes
9092,yes
9093,no
9094,yes
9095,no
9096,no
9097,yes
9098,no
9099,no
9100,yes
9101,no
9102,no
9103,yes
9104,no
9105,no
9106,no
9107,no
9108,no
9109,no
9110,no
9111,no
9112,no
9113,no
9114,no
9115,no
9116,no
9117,yes
9118,no
9119,yes
9120,no
9121,no
9122,no
9123,no
9124,no
9125,no
9126,no
9127,no
9128,no
9129,no
9130,no
9131,no
9132,no
9133,no
9134,no
9135,no
9136,no
9137,no
9138,yes
9139,yes
9140,no
9141,no
9142,no
9143,no
9144,no
9145,no
9146,no
9147,no
9148,yes
9149,no
9150,no
9151,no
9152,no
9153,no
9154,no
9155,no
9156,no
9157,no
9158,no
9159,no
9160,no
9161,no
9162,no
9163,no
9164,no
9165,no
9166,no
9167,yes
9168,no
9169,yes
9170,no
9171,yes
9172,no
9173,no
9174,no
9175,no
9176,no
9177,yes
9178,no
9179,yes
9180,no
9181,yes
9182,no
9183,no
9184,no
9185,no
9186,yes
9187,no
9188,no
9189,no
9190,no
9191,no
9192,no
9193,yes
9194,no
9195,yes
9196,no
9197,no
9198,no
9199,no
9200,yes
9201,no
9202,no
9203,no
9204,yes
9205,no
9206,yes
9207,no
9208,no
9209,no
9210,no
9211,no
9212,no
9213,yes
9214,no
9215,yes
9216,no
9217,no
9218,no
9219,no
9220,no
9221,yes
9222,no
9223,no
9224,yes
9225,no
9226,yes
9227,no
9228,no
9229,no
9230,no
9231,no
9232,no
9233,no
9234,no
9235,no
9236,yes
9237,yes
9238,no
9239,no
9240,no
9241,no
9242,no
9243,no
9244,yes
9245,yes
9246,no
9247,no
9248,no
9249,no
9250,yes
9251,yes
9252,no
9253,no
9254,yes
9255,no
9256,no
9257,yes
9258,no
9259,yes
9260,no
9261,no
9262,no
9263,no
9264,no
9265,no
9266,no
9267,yes
9268,yes
9269,no
9270,no
9271,yes
9272,no
9273,no
9274,yes
9275,no
9276,no
9277,no
9278,yes
9279,no
9280,no
9281,no
9282,yes
9283,no
9284,no
9285,yes
9286,yes
9287,no
9288,yes
9289,yes
9290,no
9291,no
9292,no
9293,yes
9294,no
9295,no
9296,no
9297,no
9298,no
9299,yes
9300,no
9301,no
9302,no
9303,no
9304,no
9305,no
9306,no
9307,yes
9308,no
9309,yes
9310,no
9311,no
9312,yes
9313,no
9314,yes
9315,no
9316,no
9317,no
9318,yes
9319,no
9320,no
9321,yes
9322,no
9323,yes
9324,yes
9325,no
9326,no
9327,yes
9328,no
9329,no
9330,yes
9331,no
9332,no
9333,no
9334,no
9335,yes
9336,no
9337,no
9338,no
9339,no
9340,yes
9341,no
9342,no
9343,no
9344,no
9345,no
9346,no
9347,yes
9348,yes
9349,no
9350,no
9351,yes
9352,no
9353,no
9354,no
9355,no
9356,no
9357,no
9358,no
9359,no
9360,no
9361,no
9362,yes
9363,no
9364,no
9365,no
9366,no
9367,yes
9368,yes
9369,no
9370,no
9371,no
9372,yes
9373,no
9374,yes
9375,no
9376,yes
9377,yes
9378,no
9379,no
9380,yes
9381,no
9382,no
9383,yes
9384,no
9385,no
9386,yes
9387,no
9388,no
9389,yes
9390,no
9391,no
9392,no
9393,no
9394,no
9395,no
9396,yes
9397,no
9398,no
9399,no
9400,yes
9401,no
9402,no
9403,no
9404,no
9405,yes
9406,no
9407,no
9408,no
9409,no
9410,yes
9411,no
9412,no
9413,no
9414,no
9415,no
9416,no
9417,no
9418,no
9419,no
9420,no
9421,no
9422,no
9423,no
9424,no
9425,yes
9426,yes
9427,yes
9428,yes
9429,no
9430,no
9431,no
9432,no
9433,no
9434,no
9435,no
9436,yes
9437,no
9438,yes
9439,no
9440,no
9441,no
9442,no
9443,no
9444,no
9445,yes
9446,no
9447,no
9448,no
9449,no
9450,yes
9451,no
9452,no
9453,yes
9454,yes
9455,no
9456,no
9457,no
9458,no
9459,yes
9460,no
9461,no
9462,no
9463,no
9464,no
9465,no
9466,yes
9467,no
9468,no
9469,no
9470,yes
9471,yes
9472,no
9473,no
9474,no
9475,yes
9476,no
9477,no
9478,no
9479,no
9480,no
9481,yes
9482,yes
9483,no
9484,yes
9485,no
9486,no
9487,yes
9488,no
9489,no
9490,no
9491,no
9492,no
9493,yes
9494,no
9495,no
9496,no
9497,no
9498,yes
9499,no
9500,yes
9501,no
9502,no
9503,yes
9504,no
9505,yes
9506,no
9507,no
9508,no
9509,no
9510,no
9511,no
9512,no
9513,no
9514,no
9515,no
9516,no
9517,yes
9518,no
9519,no
9520,no
9521,no
9522,no
9523,yes
9524,no
9525,no
9526,no
9527,no
9528,no
9529,no
9530,no
9531,no
9532,no
9533,no
9534,yes
9535,no
9536,no
9537,no
9538,no
9539,no
9540,no
9541,no
9542,no
9543,no
9544,no
9545,no
9546,no
9547,no
9548,no
9549,yes
9550,no
9551,no
9552,yes
9553,no
9554,no
9555,yes
9556,no
9557,no
9558,yes
9559,no
9560,yes
9561,no
9562,yes
9563,no
9564,no
9565,no
9566,no
9567,no
9568,no
9569,yes
9570,no
9571,no
9572,yes
9573,no
9574,no
9575,yes
9576,no
9577,yes
9578,no
9579,yes
9580,no
9581,no
9582,yes
9583,yes
9584,no
9585,no
9586,no
9587,yes
9588,no
9589,no
9590,no
9591,no
9592,no
9593,no
9594,no
9595,yes
9596,no
9597,no
9598,no
9599,no
9600,no
9601,no
9602,no
9603,no
9604,no
9605,yes
9606,no
9607,no
9608,no
9609,yes
9610,yes
9611,no
9612,no
9613,yes
9614,no
9615,no
9616,no
9617,no
9618,no
9619,no
9620,no
9621,yes
9622,yes
9623,no
9624,no
9625,no
9626,no
9627,no
9628,no
9629,no
9630,no
9631,no
9632,yes
9633,no
9634,no
9635,no
9636,yes
9637,yes
9638,no
9639,no
9640,no
9641,no
9642,yes
9643,yes
9644,yes
9645,yes
9646,no
9647,no
9648,no
9649,no
9650,no
9651,no
9652,no
9653,no
9654,no
9655,no
9656,yes
9657,no
9658,no
9659,no
9660,no
9661,yes
9662,no
9663,no
9664,yes
9665,no
9666,no
9667,no
9668,no
9669,yes
9670,no
9671,no
9672,no
9673,no
9674,yes
9675,no
9676,yes
9677,yes
9678,no
9679,no
9680,no
9681,no
9682,no
9683,no
9684,no
9685,no
9686,yes
9687,yes
9688,no
9689,no
9690,no
9691,no
9692,no
9693,no
9694,no
9695,yes
9696,no
9697,no
9698,no
9699,no
9700,yes
9701,no
9702,no
9703,no
9704,no
9705,yes
9706,yes
9707,yes
9708,no
9709,no
9710,no
9711,no
9712,no
9713,no
9714,yes
9715,yes
9716,no
9717,yes
9718,no
9719,no
9720,no
9721,no
9722,yes
9723,no
9724,no
9725,no
9726,no
9727,no
9728,yes
9729,no
9730,no
9731,no
9732,no
9733,no
9734,no
9735,no
9736,no
9737,no
9738,no
9739,no
9740,no
9741,no
9742,yes
9743,no
9744,yes
9745,no
9746,no
9747,no
9748,no
9749,no
9750,yes
9751,yes
9752,no
9753,no
9754,no
9755,no
9756,yes
9757,no
9758,no
9759,no
9760,no
9761,no
9762,no
9763,no
9764,no
9765,no
9766,no
9767,yes
9768,yes
9769,no
9770,no
9771,no
9772,no
9773,no
9774,no
9775,yes
9776,yes
9777,no
9778,no
9779,yes
9780,no
9781,no
9782,no
9783,no
9784,yes
9785,no
9786,no
9787,no
9788,no
9789,no
9790,no
9791,no
9792,no
9793,yes
9794,no
9795,yes
9796,no
9797,yes
9798,no
9799,no
9800,no
9801,no
9802,no
9803,no
9804,no
9805,no
9806,no
9807,no
9808,no
9809,no
9810,yes
9811,no
9812,no
9813,yes
9814,no
9815,no
9816,no
9817,no
9818,no
9819,no
9820,no
9821,no
9822,yes
9823,yes
9824,no
9825,yes
9826,no
9827,no
9828,no
9829,no
9830,yes
9831,no
9832,no
9833,no
9834,no
9835,no
9836,no
9837,yes
9838,no
9839,no
9840,no
9841,no
9842,no
9843,no
9844,no
9845,yes
9846,yes
9847,no
9848,yes
9849,yes
9850,no
9851,no
9852,no
9853,no
9854,no
9855,no
9856,no
9857,no
9858,no
9859,no
9860,yes
9861,no
9862,yes
9863,yes
9864,no
9865,no
9866,no
9867,no
9868,no
9869,no
9870,no
9871,no
9872,no
9873,no
9874,no
9875,yes
9876,no
9877,no
9878,no
9879,no
9880,no
9881,no
9882,no
9883,no
9884,no
9885,no
9886,no
9887,no
9888,yes
9889,yes
9890,no
9891,yes
9892,no
9893,yes
9894,no
9895,no
9896,yes
9897,no
9898,no
9899,no
9900,yes
9901,yes
9902,no
9903,no
9904,yes
9905,no
9906,no
9907,no
9908,no
9909,yes
9910,no
9911,no
9912,no
9913,no
9914,no
9915,no
9916,yes
9917,no
9918,no
9919,yes
9920,no
9921,no
9922,no
9923,yes
9924,yes
9925,no
9926,no
9927,no
9928,no
9929,no
9930,no
9931,no
9932,no
9933,no
9934,no
9935,no
9936,no
9937,no
9938,no
9939,no
9940,no
9941,no
9942,no
9943,no
9944,no
9945,no
9946,no
9947,no
9948,no
9949,yes
9950,no
9951,yes
9952,no
9953,no
9954,no
9955,yes
9956,yes
9957,no
9958,no
9959,yes
9960,yes
9961,yes
9962,no
9963,yes
9964,no
9965,yes
9966,no
9967,no
9968,no
9969,no
9970,no
9971,no
9972,no
9973,no
9974,yes
9975,yes
9976,no
9977,no
9978,no
9979,yes
9980,yes
9981,yes
9982,no
9983,no
9984,yes
9985,no
9986,no
9987,no
9988,no
9989,no
9990,no
9991,no
9992,yes
9993,no
9994,no
9995,no
9996,yes
9997,no
9998,no
9999,no
